id,nombre,profesor_id
e7f957a8-94eb-44c0-a080-e6f7477feb60,Arte 1,04ec1896-196b-4fb7-a322-8c07bf8c3e13
3b3fc845-46a9-4d7f-a555-c73185e8306e,Religión 3,bbcbd56f-d4b1-4006-8e3f-6dc7266dcbd5
9bfd3b80-d834-4472-af7e-736e54057c2b,Geografía 1,b73d4f83-e0bf-4520-877a-4c1ef3b00607
f971cbd9-b697-47de-9cff-821b1f1fead0,Física 4,1fc4bd03-404a-424d-8070-c5731a384c7c
ac7941cf-4839-4cc2-9979-0bb6b77e2550,Matemáticas 1,80c6895f-b05e-4766-b6b2-48146ac6d484
e500131e-c913-44b5-b2fb-5518461d383d,Biología 2,e774e413-b25f-4d2a-81c9-1810d2bb7f12
892e8f5f-d648-4169-b03a-fab7bfe789ba,Religión 4,a8711814-f3dc-457d-8f40-af563839efad
01c748e5-a976-4dac-af01-f62b4134b477,Química 1,f2188879-b871-408b-8d7d-f6c854036591
412e22dd-bb61-475f-bcda-895e7fb15b6a,Inglés 1,b52bd72d-77ea-4be3-9491-41f92191b70a
044f55ba-51fe-45d3-9ed3-9beeaec6e6c1,Historia 4,78134529-cd2d-4b27-8edc-0787c0cc167a
bd812d6a-338a-49c5-b582-adc47df05188,Economía 3,e774e413-b25f-4d2a-81c9-1810d2bb7f12
20a44dfa-8a14-4b16-8e4b-6e33415f78eb,Historia 2,650e6994-7594-4844-b55e-3b20b565739d
f9761fd8-3bba-461e-aae1-dbfda63da9fa,Música 3,2fe502c9-45de-481e-bd6c-0448f141912a
07249de1-86b4-4221-95c7-cc70af80e825,Tecnología 3,a3ca521d-b6e0-4a8d-9041-c7d9f0662521
1dfc6d2d-c5ad-4598-9e3b-6ea9068497d7,Química 1,a3ca521d-b6e0-4a8d-9041-c7d9f0662521
62ca8d98-9daf-45f4-a69c-128db9c21b55,Religión 2,7cf13cb0-eee4-42e0-bcc2-8a5c9dd850e2
a08155a7-2ce5-4fdd-9663-68a46b9eb290,Arte 2,a5073e81-3ff5-404d-9573-d7a3c83ccaaa
f183f3f4-1b41-42d2-8918-321d60f503e6,Ciencias Sociales 1,430a8977-790f-472b-8a72-2ac13bff0793
46516366-53be-4384-9a93-e9098694f31c,Biología 2,a1b7e3b9-b2de-42d5-8921-454a10489a2f
dc6f2380-e403-4d46-bdf2-142750a0d0a4,Historia 3,78134529-cd2d-4b27-8edc-0787c0cc167a
5f956c6f-61c3-4bc7-95ef-abf8bc773735,Inglés 4,35bb50be-c589-402d-9f54-e020b2cd409f
1fe617de-56d3-4004-9dff-ffc4722ec2c3,Inglés 3,78107945-2b5a-4ccf-833d-c006f647b0e0
fc1711c4-0cd0-4cad-afca-2026f5ad1d78,Ética 2,4691dcbe-6ef0-46b6-9907-6affca19081e
3d0cec08-b686-4800-a7b7-fe42b6b0b148,Religión 2,5c0475df-9b5d-44f9-b2d8-cd871caf645a
33f2d8dd-4f8e-4324-9ee5-1bc14e46f4f4,Literatura 1,8015238a-8b4b-424c-afed-93b44d97d9ed
e18006b5-b592-48e3-833d-185ec2b0c05c,Ética 4,974cb8af-1588-437f-822d-a43bcb187864
886424a6-597d-463c-b6d8-76b1cc6c4708,Física 4,03512f66-0be9-4531-910e-b6e21b43ab55
0811530d-6b5c-4bbe-9700-15f21ef35df0,Historia 3,06d81220-5e08-4a13-8d5d-e813e9bf5dbe
d986f6ae-4d06-498a-a8a1-c95ded519238,Física 1,1b975c0f-3ce2-4b73-ae6b-2f1e05b288bc
ae5de1ee-15bf-4e36-91aa-18b5b2fe05a5,Química 4,7da6d67e-c609-47fc-b51d-fada00e570e0
458fd9d7-9591-4c6c-b7b4-f1de3bc5de62,Informática 3,7a3ac3c7-261e-4a18-944b-05b14c9a2f1b
b01ea70e-a620-4a5c-9d33-d54bd1656d8c,Química 2,e774e413-b25f-4d2a-81c9-1810d2bb7f12
102cf9ce-8ff5-45b3-a124-50f283929164,Biología 1,32cc5775-42ae-45d1-b04e-1216a9b47734
378ab2e1-e925-43da-81d7-250871ea31c4,Arte 4,430a8977-790f-472b-8a72-2ac13bff0793
78cc7c47-31ba-4406-a127-33b067ec048d,Lengua Castellana 4,d8a484ed-2c47-4393-a7ad-0e14927f674b
414e4200-700e-4fe6-85fc-c754bcf89c78,Química 4,6f632c01-e145-481a-b440-5855bb5c78c2
8fd7b7ef-c710-4a0a-9d8a-38358689a4e3,Matemáticas 3,b4e9656c-0440-4a6c-ab3e-ddb76437fa34
47d377f4-4743-40af-a89e-4dd3f3357213,Ética 1,7d4f1d06-3e1e-4464-b329-a865c5248e09
86704cd5-99c1-4fd9-881f-4e9dea72e2d6,Música 2,b4e9656c-0440-4a6c-ab3e-ddb76437fa34
10a07753-0ef5-48e3-9c6a-8f93f61403b3,Física 3,7a3dc9b3-5991-461c-bc26-c8438a33581b
043f520d-63fd-4a96-9bae-b8d30f27bf37,Filosofía 4,eb6faeab-4acb-485c-b1dd-5305056b1589
f2cb0ced-7b1b-4760-9315-e6bf75fefdc3,Física 2,35bb50be-c589-402d-9f54-e020b2cd409f
e4162ac3-fb0b-4bb9-a24b-3197f609f563,Música 4,80c6895f-b05e-4766-b6b2-48146ac6d484
a5a93f5e-2e44-4a00-981b-2b8959653ee0,Física 2,fa00725d-d282-439d-87ea-c3a9a5316104
ace7544a-3c93-4c90-b7a9-f67a5cfe4f88,Física 1,6f632c01-e145-481a-b440-5855bb5c78c2
b1173652-909f-4cef-a563-3613fb750fc3,Arte 3,78107945-2b5a-4ccf-833d-c006f647b0e0
dcffa250-7f71-4879-9a8f-69edc610ed15,Emprendimiento 1,e774e413-b25f-4d2a-81c9-1810d2bb7f12
3bcee8b2-a711-44b6-b116-e6a3eb207b63,Matemáticas 4,5aa47158-c9dc-40e2-bf70-28bf4d1027e8
07bd2936-6b8e-4939-97d6-c4f3017a3018,Emprendimiento 3,5aa47158-c9dc-40e2-bf70-28bf4d1027e8
03b6ff71-1bc1-43db-8718-987b3a51e223,Religión 3,935f0879-2c6c-4a55-8243-548fd3d62eaa
0941f236-df42-4f41-993f-cd4a3943731a,Religión 3,b8759b54-205f-411d-904c-10e7fe8b2460
eb6af6e9-3733-45eb-9279-12d9ad4235f2,Lengua Castellana 3,b8472087-8e0f-48ec-821a-e3ffa5ec428a
761bbaa9-1057-4a5c-9a4a-79f172f46198,Matemáticas 4,6d696f0e-345b-48b3-9b7c-2202b68317d6
38224ac5-546c-45f1-8db5-d2a3167c1299,Emprendimiento 3,35bb50be-c589-402d-9f54-e020b2cd409f
abbe6b6c-a30b-4440-abe8-534130063148,Filosofía 2,650e6994-7594-4844-b55e-3b20b565739d
e65ae100-de9e-43d3-87c0-c4e354914b72,Física 4,32cc5775-42ae-45d1-b04e-1216a9b47734
3dcf0997-a376-47b6-8194-0f0f24873a4d,Religión 1,8015238a-8b4b-424c-afed-93b44d97d9ed
877f121b-1e8a-495a-8724-3c34e41dec68,Educación Física 2,16940373-6dc3-4087-bd41-d1749247d160
8fcce15f-b2d5-4d76-89ef-e8bdfa2b0e55,Emprendimiento 4,aacddef8-99d4-4038-9969-2df71535a753
6aa1d76a-7f55-4437-a22b-2d09b425c4d5,Lengua Castellana 3,8ccd861c-0af0-4178-9a7c-69b3ccccb39f
5a8b9b60-f59e-4a1e-ad30-4c5d2bbd0105,Ética 4,95a8a4a3-de12-43f8-a2ae-34075b86b790
adf0661b-114d-426b-a1bb-580da6a20a0f,Educación Física 3,f1d6ec07-07bb-489d-9ad4-746259563598
74a5a6fc-0409-4d19-a2e2-31df52e041d4,Literatura 2,c2248118-150a-4003-8446-c54ee5fecfb0
8cbb4d73-ff65-4ce1-8ee1-d55f02cf7e91,Emprendimiento 1,ae2eb0a4-0a0a-4b00-8154-9ffbb864cb30
64d5fd6f-4d85-4fc9-afcd-b66e5db78e0c,Geografía 1,ca4a0fa0-aa7f-4f31-8fbc-6486c43b5a98
8b9278c1-68f1-43da-9cfe-298d74e6c173,Física 2,f9fe79d1-8231-4c43-ac7e-1204d8b647cc
c2628c4c-2f6c-427b-8992-79a5b41af19c,Biología 1,0524b8df-c7d1-4bed-b55b-58e6eeb90d3a
69dd1788-c7fd-4265-b443-03f0f95cc54d,Emprendimiento 4,bf901eb2-02ce-4db4-bfcc-060f021ec670
b619156e-e15c-45c6-87dd-10d4cd18e44a,Literatura 1,0f8954c1-60e0-48a5-a3be-f901795aaa24
f63bf402-39d6-4897-a26d-ac5fa942da52,Literatura 1,a1b7e3b9-b2de-42d5-8921-454a10489a2f
d15600f2-5230-4ce0-bb62-d6a212dd5308,Economía 2,ab17d8ba-2c25-45cf-a62a-d8c4318b0449
88b6489b-ef2c-4457-8bd1-8edab54eac2d,Ética 4,ca4a0fa0-aa7f-4f31-8fbc-6486c43b5a98
00e2d830-c1d7-42b5-9ec4-c4337866e4f9,Informática 1,7a3dc9b3-5991-461c-bc26-c8438a33581b
082c1a49-a627-4fd5-9f3f-0b2364d1d885,Ciencias Sociales 4,24cb3183-d841-41ea-ba4d-87c677d57cfe
8c6cdb9a-6f3d-4dfc-89fe-982d0f3855f2,Religión 4,a6d736a7-6840-421f-934c-df49f9671c27
2991a3a1-57bc-4b80-8fdf-37a0ffe65974,Emprendimiento 2,f9fe79d1-8231-4c43-ac7e-1204d8b647cc
ff6ccdb3-0878-45be-bb21-0162468bacb7,Literatura 4,935f0879-2c6c-4a55-8243-548fd3d62eaa
f2596725-d057-4bfd-800a-2d2986579527,Filosofía 4,b73d4f83-e0bf-4520-877a-4c1ef3b00607
bc6e917a-6d55-4871-ba52-8f39edb45e32,Historia 2,1647bba8-d2c1-4cb9-9000-989b790c70f0
87cb3ebf-ddae-4768-9238-5437b89fe936,Arte 2,83a80bfe-66ae-4969-a35e-1e8b54648abe
240d776d-3fd8-42c9-b59a-7055a11f7fff,Matemáticas 4,71e31094-5779-4e7d-a63f-a6be5a66a34b
ec87aa7e-eff6-4e5c-8b06-8c97bbd463e1,Ética 1,fa00725d-d282-439d-87ea-c3a9a5316104
e662821e-eee6-418a-8e86-b50577ab8723,Emprendimiento 4,94e5034a-2a56-4e35-969a-7a5059cfbbb5
a740658e-ce06-486c-9432-457d8e57d68e,Lengua Castellana 3,5d43721d-b414-490f-b200-950a6d0f7b86
6aafc434-fbc0-4014-bced-811e76f06090,Informática 4,94e5034a-2a56-4e35-969a-7a5059cfbbb5
ca044af0-5f04-4d64-a1d3-5422853ead2f,Filosofía 4,c0219215-75c5-41af-9d46-b62bddd42b06
68dc20a3-170e-4bc0-b7be-ede3e0eb3505,Música 2,9ccdfed8-9a50-4649-85c7-91424d9454bf
49ce4819-1eb7-4baa-92bf-dcf5d930dfce,Educación Física 1,ed2b6e95-b389-42f4-a47a-8ac4c89c1358
95d31e19-6d93-4ea2-8425-036d14b22b42,Emprendimiento 2,8e479a27-0509-46e7-844e-61399d49dd2e
2ccdfafb-5c38-4790-a1f9-865d3c3439f2,Inglés 3,c2248118-150a-4003-8446-c54ee5fecfb0
7a6f0b52-38d1-4c64-8814-cc4a6f74ee8a,Historia 3,ed2b6e95-b389-42f4-a47a-8ac4c89c1358
a35fb074-31b3-4039-aece-68a1eabb55bc,Biología 1,04ec1896-196b-4fb7-a322-8c07bf8c3e13
148c2c04-c861-433b-8930-7d357d2b03aa,Literatura 1,4691dcbe-6ef0-46b6-9907-6affca19081e
27db259e-77cb-4a4c-946a-c2886f069af3,Ética 2,72fe085b-f82d-4617-bc37-f8f4585e6f49
32e02d81-39b7-4874-b30c-fb73a860f178,Arte 2,ec05b0ae-89fb-4b8c-9d87-5dad1ba6f06f
76e686a5-7d4f-4ba5-88da-662a97e5e244,Lengua Castellana 1,bf02a94a-588f-495a-a540-881b82e0c4bc
ba90ddff-c31b-4935-8806-54d067598f37,Física 3,ae2eb0a4-0a0a-4b00-8154-9ffbb864cb30
9560b43f-3d31-4b80-8cb8-6440c4968136,Emprendimiento 4,13dc9558-cc72-4499-8976-a2beccb1e079
431e23c0-ce01-4c7b-97ae-0350208137c1,Inglés 3,c9ac9ff9-5644-48a9-9318-9fe4f0f31e2d
c994c55c-9d96-4dd1-a8f7-d620266e79ac,Geografía 1,8ccf621b-d415-4014-a47c-25cccd777b48
a35ee6a4-9af9-411c-b7f4-70fa499f21a8,Música 3,0284af93-7e52-4a7e-b954-6d47ca3c339b
0a07ac65-fef1-41c8-9733-0b78a1115c3a,Arte 4,aacddef8-99d4-4038-9969-2df71535a753
07f9b954-b362-4b0f-8b03-3678d531709c,Informática 1,a53af291-36bb-41de-8843-178d097b6a9f
88e108b0-79f9-4665-87bc-9d629dbc6a6b,Geografía 3,d7b2dc97-f87e-45ab-9431-90440ea4abc2
8a0eb09d-861d-44a4-96ba-156195756c5a,Economía 3,0697a8a0-9f9b-448e-8bc5-e831779c77cd
65d0ca3c-6dd0-493f-b385-a5e8b0cb5e86,Arte 4,17f40355-395f-4f55-81d3-503d3ae7c907
eba7262f-9209-4bc4-91ea-cea00367061f,Ciencias Sociales 1,161663ee-cf02-4885-be30-31b4b8f45102
f03b7a30-194f-413c-b21f-46d21609437f,Emprendimiento 4,c2248118-150a-4003-8446-c54ee5fecfb0
8f9fff58-2b55-4af2-927c-16d8216ddde7,Ética 3,c501e422-e8ba-4714-9f82-7dabdc55495c
7f31f0d7-0687-47ec-978a-378995db86fa,Filosofía 1,c8ab544b-b2c9-4224-b3a7-a73c6e637590
49040605-adfe-4cb4-85e2-6d1fbf3361ed,Química 3,6c8a3f1e-8f5e-4c94-8866-0c4a0b663aa3
f01b3c72-3eac-43e2-85b8-33247aede6d3,Química 1,5aa47158-c9dc-40e2-bf70-28bf4d1027e8
fdfbcaa3-1eb4-4ad4-a94e-4013682a0a1a,Arte 4,7cf13cb0-eee4-42e0-bcc2-8a5c9dd850e2
b6ae194a-42b2-4a16-81ec-47f7b7b012d8,Tecnología 1,c8ab544b-b2c9-4224-b3a7-a73c6e637590
78d0b255-20ea-46ca-baf8-7eb2b56b4dee,Literatura 3,ecab5c03-73bf-4072-9a51-1b9c3431c10a
85a18a7a-22d1-4aa6-8569-c3eebe0e202d,Historia 4,b188a0e7-e33e-4b81-9598-c813819e72b9
4b144af0-6874-4ad1-b7a8-19200d99e00a,Economía 1,8e6c549b-cae0-404f-bda1-3b051f512dc0
4d40ae48-9b57-4ffc-bd7a-7a5a7cbacd11,Religión 2,c0219215-75c5-41af-9d46-b62bddd42b06
ecc91773-7135-4009-bb79-d7065f204071,Filosofía 3,5b3becff-8aeb-4c88-9a76-ccad9c7260db
515e9c38-4569-4e8a-808a-25e5332ba4ee,Lengua Castellana 2,d041e80f-5cc1-4cf2-a092-55dc79f9a6ad
7b4bd660-a2a8-415b-8ffd-17bf807ad812,Ciencias Sociales 2,9e038322-9ea9-48f6-80b1-1b5c22f455cc
73042dbf-6930-4157-aa8d-0a81e53b5c4f,Religión 4,5aa47158-c9dc-40e2-bf70-28bf4d1027e8
e30a7674-af5b-4a6c-8964-a353d89d8791,Economía 1,c0219215-75c5-41af-9d46-b62bddd42b06
d3b7d3cf-6eeb-4862-853d-f57906bbb3d5,Química 4,c8553973-291f-466f-8ce8-5fbaeab80ccb
8a0a374f-c960-40d6-82f8-b20aeb5e67b2,Literatura 3,bb22dc6b-a213-4b9a-a91e-bb192ce653a1
f4a60dc6-48f5-4c6d-a5f9-b22b8c58fdf6,Química 2,16a47ecc-5dc5-40a4-a9b4-fc7d44c1c57c
1635d257-281f-4bfe-bb3f-02916b213539,Filosofía 2,709ac1a4-7fb7-47b9-929c-253a331d5cfe
27b1108c-7b10-4874-a4e1-4bd943038ff1,Biología 1,ca18fe5b-c038-4f88-a9f4-612aa351473c
2430c585-f713-4ce1-a435-05ddeb9dcba4,Ética 1,bbcbd56f-d4b1-4006-8e3f-6dc7266dcbd5
bc9790b6-594b-47a5-99cc-2318c7f5a877,Geografía 3,c06af395-4ca4-4ffa-9d94-85be05726475
e82d0a02-2bd8-41b6-8764-278aa011366d,Filosofía 1,3e077679-132c-48b6-9ca8-f6ea3576859a
513f8034-ad2a-49e6-9044-8c9b1cf2a94c,Literatura 3,06d81220-5e08-4a13-8d5d-e813e9bf5dbe
581a2b4f-33e2-47de-8417-144768cb36db,Religión 2,78cf2d80-2fa6-4380-88fc-8253c0f17ec2
151ba909-920a-4d18-b15e-e17809fc6074,Inglés 3,4691dcbe-6ef0-46b6-9907-6affca19081e
eb82695e-b1b9-497f-8843-429e8f0f5bf0,Lengua Castellana 2,e9f84a1c-8164-475b-af56-ec0d3e37ef5a
019cb4b6-54c7-48f8-8256-3c5b69366cd6,Arte 1,7f19e03b-ab2c-4f0a-91a6-f5b453069918
35e79f88-54e3-4130-82de-4fd829b5dd4b,Emprendimiento 3,974cb8af-1588-437f-822d-a43bcb187864
592c0cfb-aed5-47b9-a48c-7aaa11d59c12,Informática 4,7c2c72d7-e29c-4a09-bfe5-32bbc3151147
ca078bcc-5101-425a-a32f-9eff8e505b1e,Lengua Castellana 1,78107945-2b5a-4ccf-833d-c006f647b0e0
6bd088fa-5db0-45b7-807d-5c82757b53a8,Ética 3,640e4c58-74ce-4847-91fd-cfbf39919c6d
e11902ff-33c6-4dc5-9598-146e34dc03af,Arte 1,e774e413-b25f-4d2a-81c9-1810d2bb7f12
316e8542-42e2-4659-94e0-5061fba6ef4c,Química 4,ed86368c-ec77-4cd6-8ab1-d4cb3360967f
82ea8b78-8c7f-4449-9e90-9735bc8bbba9,Emprendimiento 4,b8472087-8e0f-48ec-821a-e3ffa5ec428a
c71100e4-06ff-424b-a097-7f5a1d69c440,Matemáticas 4,c0219215-75c5-41af-9d46-b62bddd42b06
43d88de3-5820-42db-b0f4-525bdfe2706a,Informática 1,1b975c0f-3ce2-4b73-ae6b-2f1e05b288bc
2b8167f4-a77e-4453-8a22-37ff353d07e6,Filosofía 1,ed2b6e95-b389-42f4-a47a-8ac4c89c1358
714e5f1a-4236-4592-b8bf-2b8e7eb66b83,Religión 4,7a3dc9b3-5991-461c-bc26-c8438a33581b
afc7b03f-3381-4214-bb7c-2247c5df862e,Tecnología 2,fa4e1d5d-3ed5-470a-a92c-b50df329655f
9d1d3374-4c5b-466f-a0a3-9c578cc3ff46,Emprendimiento 2,b188a0e7-e33e-4b81-9598-c813819e72b9
d3369ff2-410e-491f-9a5a-2366aec29494,Emprendimiento 3,6c8a3f1e-8f5e-4c94-8866-0c4a0b663aa3
6ff00c60-829f-4785-9c92-cee80085cdc3,Química 4,17683f13-d4d1-44d5-9b20-9a9d5c0a5055
720b89b5-d2bb-4f46-bf06-8bb1d6c96638,Filosofía 4,974cb8af-1588-437f-822d-a43bcb187864
318b1a52-9c8f-477d-aa21-7a70b45bc966,Ciencias Sociales 3,709ac1a4-7fb7-47b9-929c-253a331d5cfe
06f3d5c8-39e8-448b-87bd-4a94ef56ced5,Física 2,718f54b8-842c-4d50-897c-cfc00596f906
66fdf109-9c43-4a59-80cd-fad888e1bb19,Informática 1,bed7ac9e-c1a3-4ecd-b09c-e622c67a8641
412e1d46-9877-4221-9a36-cd8db3dcd7cb,Filosofía 2,0524b8df-c7d1-4bed-b55b-58e6eeb90d3a
dc213e07-a092-49eb-806a-1827e8a543de,Informática 3,1091220a-7294-4c36-9570-9a0e6537827b
185d5605-a301-4018-8a58-ce4d10e08a18,Música 3,32cc5775-42ae-45d1-b04e-1216a9b47734
35dccf7f-f6e3-4f59-9dac-25645c91558f,Arte 3,6c905772-628d-44a7-b568-e28d955ad723
c9cbc816-a0d9-448a-8cc8-fa3de7d4fcdd,Lengua Castellana 1,5b3becff-8aeb-4c88-9a76-ccad9c7260db
c2d86076-8301-4be9-a297-69b159b053df,Informática 1,1fc4bd03-404a-424d-8070-c5731a384c7c
7808cad6-48ec-4820-8ecf-b72c72a0ada7,Matemáticas 4,1fc4bd03-404a-424d-8070-c5731a384c7c
4f91ccb9-3d7a-4645-a383-96700c2f113c,Historia 4,a0b702d1-5218-4dfc-852a-97305bff4ead
5df7493a-85bb-47bf-8491-98bdb841ec3d,Química 3,c7dde236-772d-4a20-b889-3f849efeaaa4
63fdfdbc-dce9-4f1d-a8c1-261ab75f979a,Física 2,78107945-2b5a-4ccf-833d-c006f647b0e0
bd164190-901b-4eed-b971-e14751360170,Ciencias Sociales 1,270450e1-c14c-487b-b0f3-0e6c9eeb422f
900f944e-c41e-4e9e-a53c-91b858d92840,Arte 1,6f632c01-e145-481a-b440-5855bb5c78c2
b6990bd1-2e56-4700-9d0e-7628d71a4a10,Geografía 1,bb7140d3-3907-4aa3-bfc6-cc9a637f806a
d98b8b5b-ed9f-437a-abd1-2f61c3c678f2,Ciencias Sociales 3,ed2b6e95-b389-42f4-a47a-8ac4c89c1358
051ab76b-1487-4ec6-9f21-c6dd51f7e652,Religión 1,bbcbd56f-d4b1-4006-8e3f-6dc7266dcbd5
7b0e5b22-c92f-460a-a24e-5ac82c5c092f,Ética 4,a53af291-36bb-41de-8843-178d097b6a9f
69b6da5a-87a8-421f-8d0e-15d1f995ead3,Física 1,fa4e1d5d-3ed5-470a-a92c-b50df329655f
92939eb3-aaa9-4b1e-953d-4c33ce7c28da,Educación Física 1,2c045d9f-b0fd-435c-b87a-6d364a4a179f
a3514942-c16f-499e-a3dc-749313b6c368,Filosofía 3,a6d736a7-6840-421f-934c-df49f9671c27
d077399f-b23d-4d31-9f98-790f1a785f85,Educación Física 1,1573295a-e35d-45b5-a73d-20937c81765d
f9569fab-3a53-4ea8-898a-443e4aefbf6a,Religión 4,718f54b8-842c-4d50-897c-cfc00596f906
245b2014-b978-47a2-80c1-5266ddd60dec,Emprendimiento 3,0284af93-7e52-4a7e-b954-6d47ca3c339b
69268071-e2f1-4353-b303-6b377c17a29a,Filosofía 1,1fc4bd03-404a-424d-8070-c5731a384c7c
cd764296-a316-43f3-897f-b2311bf0340b,Tecnología 4,a5073e81-3ff5-404d-9573-d7a3c83ccaaa
9a96c039-7c90-42d5-aa6c-94bf677ef703,Inglés 4,ab17d8ba-2c25-45cf-a62a-d8c4318b0449
69b72ca8-18b4-43f1-be6b-f03b98d0410b,Geografía 1,961e8838-0ea5-41a2-b89c-061f249d4403
3f4f0859-a493-4a15-a204-b1d72153aa9b,Ciencias Sociales 3,b188a0e7-e33e-4b81-9598-c813819e72b9
a51be64f-1505-48cb-9032-4d5f1ff24b0f,Música 2,d5377325-e158-4f0b-b609-e7df8b045046
a415ca5e-72d2-4a36-840c-ad4bccfce97b,Tecnología 4,640e4c58-74ce-4847-91fd-cfbf39919c6d
d5bf101c-36cd-475e-bc5d-2e0727a60573,Biología 4,78cf2d80-2fa6-4380-88fc-8253c0f17ec2
1f9dd748-f0ff-4e81-be34-a725639fadcc,Geografía 1,9ccdfed8-9a50-4649-85c7-91424d9454bf
845156c9-9ace-4576-9571-90815cdd2c13,Música 1,0697a8a0-9f9b-448e-8bc5-e831779c77cd
6eb446ce-fce6-4b30-a627-6207425efd9f,Lengua Castellana 1,8a342f67-f0b8-4b2f-82d1-5ae090872ddb
f4a507ee-b23f-4edc-80e6-f3ae3843ee38,Geografía 1,bb22dc6b-a213-4b9a-a91e-bb192ce653a1
d8cd3761-8ba0-495e-bd72-b47cf6983305,Economía 2,7f19e03b-ab2c-4f0a-91a6-f5b453069918
a6509dc9-4e90-4752-a199-ba21c7df76f1,Tecnología 2,161663ee-cf02-4885-be30-31b4b8f45102
45256b68-4fc9-4e7e-8fbb-9155e897d0b1,Física 2,fa00725d-d282-439d-87ea-c3a9a5316104
680d1f31-10e2-4ff1-befd-a097c8ea64c3,Ciencias Sociales 3,a6d736a7-6840-421f-934c-df49f9671c27
ed404304-7dac-4a82-8eff-b03a6e565501,Lengua Castellana 2,640e4c58-74ce-4847-91fd-cfbf39919c6d
f9f9364d-5ee6-46b4-8b2a-c0c5bfac09a6,Educación Física 1,303c7030-b96d-4a22-9c3c-d8ecafd52f82
03fa3bb8-5d2d-479e-bb81-317a91898aa4,Literatura 4,a76212e4-fcdb-4271-8ba1-37e8ad2b05f6
0d92a4d4-fb04-41bf-a8d8-96427f7e2fd6,Ciencias Sociales 1,f63654d8-926e-400e-8222-8c24c43e5ca8
2f9b296a-040f-4c19-ac8b-864851eadf4b,Economía 1,ac41fb9f-36b0-4f68-8f51-8fbd91b02a06
24321f19-c82e-4a17-ba8e-2991347115cc,Inglés 4,650e6994-7594-4844-b55e-3b20b565739d
06e4c36e-20e5-4e35-ab35-fdd87158cc3b,Educación Física 3,d55f4ba3-170a-45cb-abc8-062dc9012e89
bdc79fab-7f8f-4b4c-9334-7c393b290c38,Lengua Castellana 1,72fe085b-f82d-4617-bc37-f8f4585e6f49
c8c68dfb-3ff0-4e75-a246-c8addaec3814,Educación Física 2,3868cb30-22b6-4ff0-b11a-eca6b16f6d53
fe23b019-95b5-4910-ac37-d78409bacbac,Filosofía 4,c501e422-e8ba-4714-9f82-7dabdc55495c
8e55ab41-5265-4082-a5e8-44f219cc66e3,Geografía 1,421a839a-3d39-4340-8abb-43531dd5f5b0
f97d3702-a8d9-44b8-8763-c563d1286df9,Educación Física 1,17612b08-d31c-457a-b184-d14e732f3d96
350a3382-8112-4fec-83f5-4c30bf56e0e9,Geografía 1,17612b08-d31c-457a-b184-d14e732f3d96
35465263-0657-43d9-93b4-b5db2d29d581,Lengua Castellana 3,d7b2dc97-f87e-45ab-9431-90440ea4abc2
68a8f991-faf0-4973-95c9-e540b306aa4c,Matemáticas 3,ec05b0ae-89fb-4b8c-9d87-5dad1ba6f06f
468f2f9c-8aff-43ad-a043-9d3c18683239,Ciencias Sociales 1,bf02a94a-588f-495a-a540-881b82e0c4bc
08e6fcd8-96d2-44fd-ac62-587d4b2b7a54,Inglés 3,554cabdb-023c-4dae-9ea4-c736fd3addeb
410f2c36-be87-4040-bf31-6c49d7288c06,Matemáticas 4,1b975c0f-3ce2-4b73-ae6b-2f1e05b288bc
815f0c4f-a27f-427b-937a-0a59fecf767c,Filosofía 1,2fe502c9-45de-481e-bd6c-0448f141912a
61c5cf6f-ec7a-455f-a185-b1b8707697d6,Emprendimiento 2,eb6faeab-4acb-485c-b1dd-5305056b1589
66bae651-c161-4d8d-8f73-1f316ef4d278,Química 4,ee7d25bb-834b-4c22-9008-bf95b8636a52
5d530afd-0563-43c4-8b1c-95277ba5d3d9,Economía 1,935f0879-2c6c-4a55-8243-548fd3d62eaa
32636e07-4e32-4a31-8b70-334d47c26d7d,Economía 4,876631e2-d64b-451c-a6c0-27ed5f38680f
5cad4851-3f12-48fc-bd9c-66989fbe48e4,Informática 3,bf901eb2-02ce-4db4-bfcc-060f021ec670
d38c64ec-a924-442d-a738-65143c8ca653,Inglés 1,c1177bda-73ba-4aa8-a0fa-9538f07d5f31
ac27288c-9b1f-4875-81de-8f7d65aebfff,Educación Física 3,bb7140d3-3907-4aa3-bfc6-cc9a637f806a
6c7824b7-a349-4082-aac0-01dcd0fb279f,Ética 4,424bc090-bf5d-4cdf-871d-cee8e565d339
47d412c5-d0a4-4d9c-9f80-2038f6ed7e19,Historia 2,a8711814-f3dc-457d-8f40-af563839efad
18fe6127-13e8-48dd-8293-8859dfd2d339,Filosofía 4,8b5dd8d0-52f7-4724-8ba1-d58a3b4ae80e
e8184d9c-ae23-4873-8e3a-ab1b7699c073,Biología 4,421a839a-3d39-4340-8abb-43531dd5f5b0
5b4c76ad-b1e3-4fab-90e3-91cfc3900b37,Geografía 3,3f48d39f-c5f9-4175-8de8-5569b200e0b8
fc2de11c-670f-4603-834d-0f2bc62e0a23,Geografía 4,bb7140d3-3907-4aa3-bfc6-cc9a637f806a
867d5f4a-d8b3-45c8-ab75-e32fad865d03,Ciencias Sociales 2,7d4f1d06-3e1e-4464-b329-a865c5248e09
9328ed45-4212-4826-bc63-4eba2413c68d,Historia 4,d2630a78-01e4-4dfb-ada4-615cf2c5e13c
ca1bf24a-951d-47de-9979-65ac9721f7b8,Filosofía 3,32cc5775-42ae-45d1-b04e-1216a9b47734
c85b3c10-8f15-41a9-8923-baf9483863fe,Inglés 4,ecab5c03-73bf-4072-9a51-1b9c3431c10a
32973ac0-2e8a-4a27-9a89-55ce6036275d,Biología 3,270450e1-c14c-487b-b0f3-0e6c9eeb422f
c195536b-1a74-4617-af10-b07de00c5b1b,Historia 2,384ce34e-c3b5-4a69-8ca1-78ad594d96aa
ac006175-97f0-41cd-a400-cfd16be9ce49,Emprendimiento 2,8ccd861c-0af0-4178-9a7c-69b3ccccb39f
ad438bbd-07d4-4258-beea-20f60f993e08,Literatura 3,c7dde236-772d-4a20-b889-3f849efeaaa4
a78e006d-3ef4-4c60-991f-de531830bd53,Biología 3,b52bd72d-77ea-4be3-9491-41f92191b70a
e82fc85f-681b-4940-8d4d-78167eb2ada6,Inglés 1,ca18fe5b-c038-4f88-a9f4-612aa351473c
08d3a192-9c3c-4ba1-b9d5-15a991c77060,Biología 1,7da6d67e-c609-47fc-b51d-fada00e570e0
cfc0cc88-17e5-416c-90e3-f3a6d3cae33a,Biología 3,a3ca521d-b6e0-4a8d-9041-c7d9f0662521
e913dd3b-d08e-436c-a9a0-b31f7d9ca83e,Música 1,eb3be8b5-1490-47fa-b0e1-228f8d639252
272ae35d-4c32-4686-b744-dd8d77bff250,Matemáticas 2,82b7aee1-5566-4be3-a1a8-0dd88e5dc9a7
4f3bb1d8-9f12-4973-a552-0c0706aa4f10,Ética 3,0284af93-7e52-4a7e-b954-6d47ca3c339b
911c07e4-92af-499f-a7f3-99d1f37c40fd,Emprendimiento 3,c06af395-4ca4-4ffa-9d94-85be05726475
971bb7f8-0983-4dbd-b105-d77a12f5781a,Filosofía 3,c0219215-75c5-41af-9d46-b62bddd42b06
6f2b92d6-2e2b-46fc-8eb1-e757e9773426,Geografía 2,ffcc24ca-f797-48ff-bf0d-de4be1796e93
31e240ea-1296-4672-9e66-40bcc6ee6e99,Educación Física 2,29109a07-49d2-46d8-837e-f8a706ac401a
46881943-2f16-466b-8a61-3f373cf72d1b,Religión 4,d041e80f-5cc1-4cf2-a092-55dc79f9a6ad
1a9b6a1e-7c4a-4372-90b3-f3ffe20ddd21,Informática 4,749ae061-a6c9-4efb-81b9-eced2f2f7176
972cee7b-5931-4a36-ac8c-84db2f712fd5,Ética 1,3dd4b3a1-e1b6-4c2b-bda0-08c72b1ac893
e9ceb2d1-e883-48f1-89c9-54a4101fc76b,Economía 2,ae2eb0a4-0a0a-4b00-8154-9ffbb864cb30
db0fc40a-e992-4dcf-af5d-c944ac9a90a6,Informática 3,1b70addc-08e1-4e9e-9261-6b5d361c3fa0
d1d604e3-6c27-4cc0-bb6c-3d55845c3111,Ciencias Sociales 4,8a342f67-f0b8-4b2f-82d1-5ae090872ddb
6914a521-c54c-4d8c-b393-1a431cf2c46e,Biología 1,16940373-6dc3-4087-bd41-d1749247d160
0e085b8d-74ae-4d6f-8992-45c46e53d85d,Educación Física 3,fd713208-a8a4-4f01-9150-3735fe918225
5097bdc1-7c30-49c1-a355-d951e20d108a,Física 3,7a3ac3c7-261e-4a18-944b-05b14c9a2f1b
85def2db-8a3c-49ab-8997-debad6ab6098,Ética 1,ccdf0a93-614e-42a9-8693-ea3de07509f8
9cc986a2-655f-42d5-9805-e91e8b10f145,Literatura 1,e9f84a1c-8164-475b-af56-ec0d3e37ef5a
2beebe55-63b7-472a-ba82-24f7e10854f9,Economía 4,935f0879-2c6c-4a55-8243-548fd3d62eaa
1ccf96c4-5a92-4ea5-9904-e63241dd2737,Lengua Castellana 4,c82f984d-90b7-418d-8fa1-c49b5dc26640
c9853cf6-da39-47af-bfe4-a1227d0e0104,Informática 4,ecab5c03-73bf-4072-9a51-1b9c3431c10a
3ca32118-b6f3-44db-8f6b-ac4686759eca,Filosofía 2,8ccf621b-d415-4014-a47c-25cccd777b48
1ab90aba-d99c-4c4b-b9b5-fa571f845f7a,Emprendimiento 3,d9aff019-95a7-49cc-9c3f-d10d81f2b150
e00a3d26-1232-4eea-a250-6b0f8d248311,Historia 3,5fb258b8-346e-4fbe-8000-f352142d03bc
2733e4a4-b008-4b06-ba90-a03518174877,Lengua Castellana 4,b73d4f83-e0bf-4520-877a-4c1ef3b00607
94aa261f-41cf-4dad-bcb6-8cccb291538b,Historia 2,7f19e03b-ab2c-4f0a-91a6-f5b453069918
2803b925-269f-4b5d-b2a1-2509cd28a520,Historia 1,02e45c5e-dc7e-46ec-8bde-903de8176cf9
3b98bd14-a30b-4ad6-b584-1342b3fade23,Química 1,29109a07-49d2-46d8-837e-f8a706ac401a
942c1600-2f0c-4de8-b859-5c417050d2df,Filosofía 4,cbd49c42-6c69-4656-8c37-a0edab10f6d0
d6b9f464-fd89-4478-9cd0-9d777642b7ce,Emprendimiento 3,ca18fe5b-c038-4f88-a9f4-612aa351473c
e53a0899-a3f7-4f1e-81f9-d8e36ca52cfe,Ciencias Sociales 4,c501e422-e8ba-4714-9f82-7dabdc55495c
3fac45e1-0162-4900-8ebe-d34bda6065f7,Emprendimiento 2,554cabdb-023c-4dae-9ea4-c736fd3addeb
d23a99b7-39dc-4935-9ea6-330b17bc6a63,Inglés 3,1b70addc-08e1-4e9e-9261-6b5d361c3fa0
7cb29859-9d90-4bd6-adb7-87e2189b1ef8,Inglés 2,ffa7b666-82d2-47c4-84e5-8d06108f8e6b
457996d7-76c3-4244-8d48-affdcd4e0455,Biología 3,d2630a78-01e4-4dfb-ada4-615cf2c5e13c
642870d9-84f4-4a17-b099-8ed7ee25fd39,Lengua Castellana 4,702007d0-028a-4392-a1f1-97ac176614fd
660d8535-0cbc-429c-96a3-581bd6ba5390,Física 3,ac719b55-7366-4f07-8ada-28173aa0e6f6
a68d45b8-3e00-44bc-bd0b-ce1713ca9ad6,Informática 2,d2d58d6d-e5fd-4eec-b045-5fad65fcf5eb
c834bc4d-d332-4735-a20f-4de5df19fc82,Ética 1,d7b2dc97-f87e-45ab-9431-90440ea4abc2
9962a623-66c4-47a3-b8eb-b5935f471746,Arte 3,ccdf0a93-614e-42a9-8693-ea3de07509f8
06e5d8ea-471c-4d9a-a407-ba4f250658bb,Ciencias Sociales 4,1b975c0f-3ce2-4b73-ae6b-2f1e05b288bc
638c7c30-1456-4585-be5e-d2616889996f,Filosofía 4,e774e413-b25f-4d2a-81c9-1810d2bb7f12
704770dc-f639-4a5c-8263-091538d02993,Educación Física 4,a53af291-36bb-41de-8843-178d097b6a9f
8d3d4538-2086-4c6e-9aa9-7b1e5a839eaf,Economía 3,161663ee-cf02-4885-be30-31b4b8f45102
b0538104-612f-471e-b39f-8c98e0b534f6,Religión 2,ca4a0fa0-aa7f-4f31-8fbc-6486c43b5a98
6de5ca3c-b558-4eda-a9dc-cc0fe3394cab,Química 1,6d34d505-781e-4703-8dc4-b028063b17fb
410f2d4b-eabe-4171-9850-7aad81eb34a9,Inglés 2,935f0879-2c6c-4a55-8243-548fd3d62eaa
13a6b58a-4c31-4767-b089-234b5a7001bd,Matemáticas 1,ac719b55-7366-4f07-8ada-28173aa0e6f6
1a3ad466-f4ae-414e-96bd-760fbd1af8df,Biología 3,7da6d67e-c609-47fc-b51d-fada00e570e0
0ba46677-b1e4-4240-8017-81bf74778632,Tecnología 3,29109a07-49d2-46d8-837e-f8a706ac401a
de72636c-e203-495c-b883-7b1416d05039,Geografía 2,bed7ac9e-c1a3-4ecd-b09c-e622c67a8641
d0ec42ea-9f5c-4334-b2db-71bcea4a4100,Emprendimiento 2,7da6d67e-c609-47fc-b51d-fada00e570e0
169e26fd-c9ea-4906-af56-f929de062699,Arte 1,70a85213-1fc9-41af-b517-0fcc2d38a769
6f28851c-913d-4618-935c-51423f439285,Tecnología 1,83a80bfe-66ae-4969-a35e-1e8b54648abe
51818e05-b27c-4c96-a954-cc372fe3acce,Geografía 1,fa00725d-d282-439d-87ea-c3a9a5316104
7730fc9b-0f4d-46e2-8e50-e2d8bb38c2b3,Química 2,a5073e81-3ff5-404d-9573-d7a3c83ccaaa
af1ab53c-2f65-45e7-b6d2-371fac2c50c7,Tecnología 2,0aaf044e-0f88-43aa-8988-4845fef68d41
34713402-f3f3-48cb-8c5e-0a8c6aa5597c,Educación Física 4,b188a0e7-e33e-4b81-9598-c813819e72b9
ff986a67-0e27-44be-9265-d49583dfe2d5,Geografía 1,c06af395-4ca4-4ffa-9d94-85be05726475
71351b45-0edf-4a66-ae84-58661bbe773f,Informática 2,d9aff019-95a7-49cc-9c3f-d10d81f2b150
2eff51b9-118c-4c9a-8ac5-be1489d95a84,Geografía 1,4f4b2539-f091-4f16-8b21-9a92e1efc6a5
ecc53eb4-baf2-4e3f-9db2-3f15e14ab189,Arte 2,ca4a0fa0-aa7f-4f31-8fbc-6486c43b5a98
67b0f611-4c2a-4253-9927-faa8f33d18c8,Música 4,bf901eb2-02ce-4db4-bfcc-060f021ec670
8f8d11b1-bb73-4716-9848-6deb35f1547f,Filosofía 1,04ec1896-196b-4fb7-a322-8c07bf8c3e13
191e0314-4a1f-47b2-8610-6573e5ca8705,Ciencias Sociales 4,39ff52dd-0405-49e0-947d-b88ed97f493d
78405898-b775-4237-b14d-93f8af77f41b,Tecnología 1,eabb05b3-62b5-49d5-9752-4809b7369081
a9a2ffb6-f296-445b-9681-83bc91462956,Filosofía 2,5d43721d-b414-490f-b200-950a6d0f7b86
dec490c3-a7fe-46e4-b296-33baa1cb9b5d,Física 2,c1177bda-73ba-4aa8-a0fa-9538f07d5f31
b0689323-e2fe-40c6-bab5-b2f5d35f793f,Ciencias Sociales 4,6c8a3f1e-8f5e-4c94-8866-0c4a0b663aa3
835839ea-d260-42d8-8237-025de5eba221,Economía 2,d9da6007-f79f-4c4d-8e86-be9b1c3514a6
c6f5e832-aa8c-465d-8111-aae667e13f9a,Religión 1,0524b8df-c7d1-4bed-b55b-58e6eeb90d3a
f57983e2-f541-40ff-808e-98a4c68469f5,Ciencias Sociales 2,b4e9656c-0440-4a6c-ab3e-ddb76437fa34
061b36ac-d5ee-4bc9-9682-3688a9004f7c,Física 4,709ac1a4-7fb7-47b9-929c-253a331d5cfe
de8d94d4-42e6-42c1-a206-eee79973b339,Matemáticas 3,bbcbd56f-d4b1-4006-8e3f-6dc7266dcbd5
550bba42-0567-425e-b887-7852dd40e81c,Informática 3,39ff52dd-0405-49e0-947d-b88ed97f493d
39d725f7-6289-435f-a58d-03ec9dbfd0b8,Inglés 1,b188a0e7-e33e-4b81-9598-c813819e72b9
aeb94426-42ab-4b99-bc34-7902912fb371,Geografía 2,6f632c01-e145-481a-b440-5855bb5c78c2
d86f8e4a-1cad-4da2-b403-e28db891c774,Ética 2,9ccdfed8-9a50-4649-85c7-91424d9454bf
8481eca0-d8c0-491c-918f-83c7794424e0,Literatura 1,24cb3183-d841-41ea-ba4d-87c677d57cfe
9da29167-f213-4444-8fc7-8c201de8bdfc,Lengua Castellana 2,6d34d505-781e-4703-8dc4-b028063b17fb
01b6e99d-b058-4e1a-b0b5-471eda35d98b,Biología 2,c0560631-806e-4222-b11c-1c6b7372f284
e6a94c64-d186-42e6-bdd6-bd8b9c4c906d,Educación Física 4,46e55b55-0a9d-41df-9f97-6da8b743fad9
44dc5042-cdc5-493a-8678-a584d5b687ed,Educación Física 1,8e479a27-0509-46e7-844e-61399d49dd2e
bd8b6c85-ba3e-4b40-a871-67e26085ec32,Emprendimiento 2,03512f66-0be9-4531-910e-b6e21b43ab55
d370ce85-4419-4ddb-83b7-9ca5aba57326,Física 4,a76212e4-fcdb-4271-8ba1-37e8ad2b05f6
6a4a411d-32cb-4e16-aaef-0682c3720082,Ciencias Sociales 1,06d81220-5e08-4a13-8d5d-e813e9bf5dbe
4d4eaee1-e812-4a3d-8251-c781dc61fe2b,Matemáticas 2,5a7035b0-2f9e-4c6b-ab64-f2534a5b784f
23bd66d8-1115-4bf5-890a-6d7dcc8b795b,Lengua Castellana 4,7a3dc9b3-5991-461c-bc26-c8438a33581b
4ed147db-e39b-4d61-83bd-ba423c7be190,Historia 3,0cde4a8a-e382-4386-94d0-0a6b0c6d0caa
bc36b677-b57d-480d-8957-463b179d712e,Química 2,ec05b0ae-89fb-4b8c-9d87-5dad1ba6f06f
6923f967-252b-45c6-96be-21853dc1afe6,Historia 3,6c905772-628d-44a7-b568-e28d955ad723
b6dcd0b8-14c2-482c-b11a-cd1679a86d96,Química 2,cbd49c42-6c69-4656-8c37-a0edab10f6d0
8346e0c7-2cdf-4f6e-97fc-8e8b713db7c2,Tecnología 2,6d696f0e-345b-48b3-9b7c-2202b68317d6
436ed685-9843-414e-b284-cd4e5f9b5f86,Emprendimiento 1,c8553973-291f-466f-8ce8-5fbaeab80ccb
cde6e218-ff1c-4a2c-b6df-c645e4d0a450,Arte 4,0524b8df-c7d1-4bed-b55b-58e6eeb90d3a
96d310e3-c1e6-4a5e-b938-bdf9cb6fd47d,Biología 1,430a8977-790f-472b-8a72-2ac13bff0793
a1e877d7-807c-48ee-8abd-b423bc9f1945,Emprendimiento 3,718f54b8-842c-4d50-897c-cfc00596f906
7d54dec9-2538-4056-968a-1470da95c8c2,Música 3,78107945-2b5a-4ccf-833d-c006f647b0e0
1f8a7b36-e14a-40c0-8b40-f6f4c1eed381,Informática 3,13dc9558-cc72-4499-8976-a2beccb1e079
fc755f53-b306-4ab5-bdc0-eb308c6a778e,Filosofía 3,03512f66-0be9-4531-910e-b6e21b43ab55
7281bdf9-3cfe-4039-a8b9-54dd387a31db,Emprendimiento 4,702007d0-028a-4392-a1f1-97ac176614fd
8e2b0e81-4a33-4be6-8a35-223412bc07b6,Educación Física 2,0aaf044e-0f88-43aa-8988-4845fef68d41
33074b8c-43b7-4af7-a2af-de63af8ad2de,Tecnología 2,d4831467-cd08-4961-a892-894185bdd862
9d6d7c70-6554-4b28-8b53-e6d96909aca9,Historia 4,a6d736a7-6840-421f-934c-df49f9671c27
b5f343cc-7d73-4112-9576-9ff5ee87c3a0,Geografía 2,d2630a78-01e4-4dfb-ada4-615cf2c5e13c
133cbf70-25d4-4c71-8d69-d3ffcde4a286,Economía 2,240595d9-d46c-45a0-bd3a-462275d617c5
8a65075e-2144-4920-abf6-b303ec63425d,Historia 1,240595d9-d46c-45a0-bd3a-462275d617c5
abb38ded-f8ca-4f49-8159-43ba6598abf5,Historia 1,0524b8df-c7d1-4bed-b55b-58e6eeb90d3a
65da657d-f054-4e2a-985c-4283a6113b6a,Física 4,70a85213-1fc9-41af-b517-0fcc2d38a769
c44c6d3c-a667-4bfe-a3f9-bb5840f0d2c1,Religión 1,fa00725d-d282-439d-87ea-c3a9a5316104
2b09149d-1f44-4d39-8c3e-383e72614423,Tecnología 1,ffa7b666-82d2-47c4-84e5-8d06108f8e6b
6f7d8086-4ec3-4321-ad0f-fbc09f15d999,Tecnología 4,ccdf0a93-614e-42a9-8693-ea3de07509f8
7253f11a-6a8d-4c8b-8fcf-7f283b8ee960,Física 1,804f5639-783e-4648-b98a-b74c3ef21990
f5171cbb-8bd1-4cf6-b723-0a5204090a77,Física 4,d55f4ba3-170a-45cb-abc8-062dc9012e89
64ea7853-bb6b-4140-8b4e-313de66eb250,Geografía 1,2d066316-0ccc-4cc6-bce8-29d43a78c086
e909b173-69cc-47fe-a181-dde9cdeecdf0,Geografía 2,bb7140d3-3907-4aa3-bfc6-cc9a637f806a
5427f60e-561c-4488-ac1b-0feb8cfb6eef,Lengua Castellana 1,72fe085b-f82d-4617-bc37-f8f4585e6f49
bc8c2552-e41b-4115-9bd7-cb7bb13c6f4b,Economía 4,29248296-4e7b-4861-8005-570f8012b2cd
aa5458b9-5136-42b4-a7a4-da53ae13c8ad,Historia 4,d55f4ba3-170a-45cb-abc8-062dc9012e89
231219d7-ab1f-4c45-9176-eb4453522676,Química 3,554cabdb-023c-4dae-9ea4-c736fd3addeb
ac4289c7-6253-426c-be9a-db5d4eada072,Tecnología 3,a5073e81-3ff5-404d-9573-d7a3c83ccaaa
ba50caa4-6863-42be-ab54-405603e763fd,Física 2,c06af395-4ca4-4ffa-9d94-85be05726475
019b1b7a-d384-42f4-a6e4-7c50859b9897,Emprendimiento 3,c2248118-150a-4003-8446-c54ee5fecfb0
c4cc4bf7-9234-443e-9971-1df5506f48a5,Biología 2,d55f4ba3-170a-45cb-abc8-062dc9012e89
9687d338-a520-4664-81ab-3a3799f182f1,Ética 2,8e6c549b-cae0-404f-bda1-3b051f512dc0
a7d30fc8-48b8-468d-b250-1378f7bfb7f1,Inglés 3,eabb05b3-62b5-49d5-9752-4809b7369081
5f0ae5a3-1fb5-4fd8-9a3f-e39eae98215e,Matemáticas 3,ae2eb0a4-0a0a-4b00-8154-9ffbb864cb30
0d97f0d7-6909-4181-8b0b-896b8f2d6e1a,Filosofía 1,ec05b0ae-89fb-4b8c-9d87-5dad1ba6f06f
17abbf89-6cc9-40a1-9768-a468b8a9bb4e,Lengua Castellana 4,83a80bfe-66ae-4969-a35e-1e8b54648abe
bba8d7dd-fb08-4984-9462-092774ca3a93,Química 1,a3ca521d-b6e0-4a8d-9041-c7d9f0662521
e78c9dc9-bf7f-4584-b740-a6468542c76b,Filosofía 1,650e6994-7594-4844-b55e-3b20b565739d
cc25926e-5f8e-441b-8354-d7a3c500f5cd,Educación Física 3,b52bd72d-77ea-4be3-9491-41f92191b70a
cf1d0245-db8b-49cd-b2f3-de6fd7522866,Literatura 4,70a85213-1fc9-41af-b517-0fcc2d38a769
22d439e9-7c3b-462c-ae5f-b193214cc640,Religión 4,08e2bc06-8a36-4bc3-9508-5d0121ac15e2
2a226395-c785-46d3-ac15-27306537057a,Economía 3,c7dde236-772d-4a20-b889-3f849efeaaa4
4b01edcd-f405-444a-b150-9b3c16beda56,Educación Física 3,8e6c549b-cae0-404f-bda1-3b051f512dc0
91a08d29-511c-4e6c-9443-5802eb5587f3,Matemáticas 2,e774e413-b25f-4d2a-81c9-1810d2bb7f12
f52a5f03-6a53-401b-ac9e-6ec64dac0bbf,Literatura 1,c2248118-150a-4003-8446-c54ee5fecfb0
98cca65a-2d66-4d30-be11-098ce2945a21,Arte 1,7c2c72d7-e29c-4a09-bfe5-32bbc3151147
ac11bee9-d560-43c2-9eb3-50776107c966,Filosofía 3,ec05b0ae-89fb-4b8c-9d87-5dad1ba6f06f
224ee955-da75-4ed8-b3d7-edde163581f5,Matemáticas 1,eb6faeab-4acb-485c-b1dd-5305056b1589
08700ca9-568f-499f-b14c-a60eb5cdc0c1,Educación Física 2,1091220a-7294-4c36-9570-9a0e6537827b
3d4bd4a6-4559-4da0-ae06-8691da467d74,Ciencias Sociales 3,9ae44b46-0d8f-4734-a9f2-b144a4aea1d5
b485f4e6-3d08-42d2-8840-d0ed360b4688,Economía 3,3dd4b3a1-e1b6-4c2b-bda0-08c72b1ac893
0728775d-04ba-4313-af70-1e7852eefcfe,Historia 2,640e4c58-74ce-4847-91fd-cfbf39919c6d
0c3cf4fd-6eb3-428d-baf9-eb247973b061,Historia 2,63c3464a-5cb7-4791-a7dd-e354714f388a
90498946-d2dd-4cd8-85d4-af98f518aaf1,Emprendimiento 1,30567989-a91b-4ba6-b7b3-e48f1cdfd6a7
bec30cc0-c3a8-4b44-bedb-6f1d032ff324,Filosofía 4,06d81220-5e08-4a13-8d5d-e813e9bf5dbe
8d3bf785-689b-447d-9cfb-c07c24196779,Arte 4,04ec1896-196b-4fb7-a322-8c07bf8c3e13
e987fb41-3e10-4779-a70c-c3670829ecca,Informática 4,17683f13-d4d1-44d5-9b20-9a9d5c0a5055
081894b0-11b9-49bc-b5a4-75a2cf4dbee1,Religión 1,0cde4a8a-e382-4386-94d0-0a6b0c6d0caa
8d491dea-e14d-485c-9c7c-e9796edf482f,Educación Física 3,3dd4b3a1-e1b6-4c2b-bda0-08c72b1ac893
fa54a464-3fa6-4598-95b9-330a6bb3283c,Química 2,71e31094-5779-4e7d-a63f-a6be5a66a34b
bf7b33a7-dfb2-4c24-9ef0-0e9846e58c83,Ciencias Sociales 4,d041e80f-5cc1-4cf2-a092-55dc79f9a6ad
be9013e9-2b42-452f-9e1f-7b82f1e208f5,Historia 4,1647bba8-d2c1-4cb9-9000-989b790c70f0
3bfc564c-831d-47fc-866e-1b732c85fbce,Ética 2,94e5034a-2a56-4e35-969a-7a5059cfbbb5
79c69c13-3f15-490f-9467-db78d7e988b0,Ciencias Sociales 3,640e4c58-74ce-4847-91fd-cfbf39919c6d
9dd1cbaf-1be6-4181-93ae-f51a4af8ba69,Historia 4,95a8a4a3-de12-43f8-a2ae-34075b86b790
490632e7-2d8f-4851-8a19-cf077fbdee21,Literatura 3,7c2c72d7-e29c-4a09-bfe5-32bbc3151147
15a5eb2d-1bd6-44a2-bdd4-545123b7528e,Música 4,63c3464a-5cb7-4791-a7dd-e354714f388a
d9942f7f-6671-434f-9c9d-2efd037aa413,Ética 3,82b7aee1-5566-4be3-a1a8-0dd88e5dc9a7
d3f8f50a-d990-4e8c-b39f-b5d4f3da5878,Tecnología 2,424bc090-bf5d-4cdf-871d-cee8e565d339
21f3b9fb-f364-4283-9405-c7f96cc2da37,Arte 1,1573295a-e35d-45b5-a73d-20937c81765d
b52f39e2-6e31-413b-acf0-ca6eb738cec7,Química 4,0284af93-7e52-4a7e-b954-6d47ca3c339b
847841c5-e80d-4514-9c26-ae84082be664,Tecnología 2,a8711814-f3dc-457d-8f40-af563839efad
a06573f9-4ea1-40dd-bda3-bb5243071cba,Matemáticas 2,8015238a-8b4b-424c-afed-93b44d97d9ed
79af1d24-42e0-4866-80ef-000f26fdf865,Religión 1,eabb05b3-62b5-49d5-9752-4809b7369081
0597f026-d99d-4a44-89e2-5214bdb80dda,Geografía 1,0284af93-7e52-4a7e-b954-6d47ca3c339b
49f6588f-7f99-46fc-b66d-3caeaac914ec,Geografía 4,eabb05b3-62b5-49d5-9752-4809b7369081
3e413e16-9835-4c46-98d3-0541b1db90b5,Tecnología 1,08e2bc06-8a36-4bc3-9508-5d0121ac15e2
fe49a713-dbe1-4de1-89f1-630fe21e6bdc,Matemáticas 1,3868cb30-22b6-4ff0-b11a-eca6b16f6d53
98c7e0ae-84a2-472b-9ded-64ddb6955240,Literatura 3,8e479a27-0509-46e7-844e-61399d49dd2e
86d19e4c-9e81-487a-83b6-1275eb31deab,Historia 3,d9da6007-f79f-4c4d-8e86-be9b1c3514a6
2d20d11a-4844-42b6-84cc-c29e1b1ac4ee,Geografía 1,aacddef8-99d4-4038-9969-2df71535a753
05ec12d1-4747-4216-9ff5-a486d69cacae,Tecnología 3,30567989-a91b-4ba6-b7b3-e48f1cdfd6a7
b148d56f-5eb3-4f90-a5b5-b08eb51e16ec,Religión 4,d4831467-cd08-4961-a892-894185bdd862
8ede85bc-de94-4dd5-9840-a520fa39b0f6,Biología 1,a8711814-f3dc-457d-8f40-af563839efad
d662c597-0fa8-4c30-b977-1f75fe77ff5e,Economía 2,7a3dc9b3-5991-461c-bc26-c8438a33581b
42778d69-c699-49ee-af8e-e776a22205f3,Química 1,2d066316-0ccc-4cc6-bce8-29d43a78c086
4b22de93-c41a-4df2-9509-943590ce2cf8,Emprendimiento 1,d4831467-cd08-4961-a892-894185bdd862
035092e5-ff81-4885-ad69-3aafd5391a8e,Física 3,4031c4e9-3986-4df2-aaba-ca0779abddbf
1407f527-f676-4e1a-a3a6-818833e416df,Inglés 3,d9aff019-95a7-49cc-9c3f-d10d81f2b150
4ee82ba9-4715-4236-b923-1643060fce3f,Ética 2,8015238a-8b4b-424c-afed-93b44d97d9ed
255f6778-509c-4d8c-9b72-2cde5406096c,Química 2,2d066316-0ccc-4cc6-bce8-29d43a78c086
44deb252-b20f-4609-b8f6-931fada33d82,Física 1,d02b8394-bafa-45ed-9192-c0e29c51df1f
9c89030b-4dfb-476e-8e2c-b8a99be77914,Ética 2,0284af93-7e52-4a7e-b954-6d47ca3c339b
1cce3875-ff38-4d37-8f52-fc9a103c487a,Emprendimiento 2,2bf1dc26-086d-4ece-8b7e-5c23cd94e88e
86a4a389-5c7c-41be-ad37-77d276ce2260,Ética 4,c06af395-4ca4-4ffa-9d94-85be05726475
c614a933-44bf-4065-be71-c71bd5928a1e,Filosofía 2,30567989-a91b-4ba6-b7b3-e48f1cdfd6a7
a63f0ce4-f520-4ccf-be31-c838dc540ee0,Ética 3,13dc9558-cc72-4499-8976-a2beccb1e079
cf89fca4-8ceb-4608-8b58-a568d939acc7,Lengua Castellana 3,a53af291-36bb-41de-8843-178d097b6a9f
e96ef737-5968-41dd-a4db-c3936ce195a8,Lengua Castellana 1,ed86368c-ec77-4cd6-8ab1-d4cb3360967f
71d4f992-9279-44ea-b77f-cbaa2e7f7c66,Ciencias Sociales 2,4f4b2539-f091-4f16-8b21-9a92e1efc6a5
e940b061-ae10-43c7-831c-c93d7992fd24,Química 1,b73d4f83-e0bf-4520-877a-4c1ef3b00607
f9566387-32d2-4657-883c-c1305af2b54b,Ética 2,2bf1dc26-086d-4ece-8b7e-5c23cd94e88e
7cc68100-a7f6-4a78-996c-ee1f36f450b1,Arte 2,d5377325-e158-4f0b-b609-e7df8b045046
3024a981-55fc-4f5c-8f17-a9818a27c7f9,Ética 4,ac719b55-7366-4f07-8ada-28173aa0e6f6
046ba6a0-b3ba-482f-affc-ea3da7b8a6e0,Matemáticas 1,ffa7b666-82d2-47c4-84e5-8d06108f8e6b
0f3c17e4-4402-4d3d-87c1-718fbda33d63,Religión 3,4f4b2539-f091-4f16-8b21-9a92e1efc6a5
66e22f93-af62-47c0-b85b-514b185575e2,Filosofía 2,08e2bc06-8a36-4bc3-9508-5d0121ac15e2
db06e126-8c0a-496d-ad00-4a582df25701,Música 1,d4831467-cd08-4961-a892-894185bdd862
3b264a28-3e13-4b4f-93cb-3f8670c1e0bd,Física 4,1573295a-e35d-45b5-a73d-20937c81765d
b38c1f23-23d4-49b7-bd0d-ee6b28d8a08b,Literatura 1,83a80bfe-66ae-4969-a35e-1e8b54648abe
6824b72e-b123-48f8-bf71-26c14e762dc0,Emprendimiento 1,78cf2d80-2fa6-4380-88fc-8253c0f17ec2
307a5986-d563-4fb8-9ed3-b7ebb5713fa2,Física 1,3dd4b3a1-e1b6-4c2b-bda0-08c72b1ac893
b3fa7ebe-9f1c-4c62-83e0-0bd3c4a263e5,Educación Física 4,4691dcbe-6ef0-46b6-9907-6affca19081e
f08ac2e3-24ba-468c-844b-f7220fea9272,Geografía 1,87fb71c5-7d3a-4580-a0c4-eda8c0f0a0b0
be83944e-5ecb-4f36-8af6-e605e546a4a6,Geografía 3,d2d58d6d-e5fd-4eec-b045-5fad65fcf5eb
11aa6efd-9798-4889-a7a4-3014fc917cb8,Literatura 2,06d81220-5e08-4a13-8d5d-e813e9bf5dbe
dea79217-8df1-4647-94bf-5fb3d44f140d,Arte 1,bbcbd56f-d4b1-4006-8e3f-6dc7266dcbd5
226f9b04-a726-4b95-a280-f2ee05c558f3,Física 3,17f40355-395f-4f55-81d3-503d3ae7c907
58fc07cf-f12b-4fe6-8c5e-f35001df4cf7,Química 2,bf02a94a-588f-495a-a540-881b82e0c4bc
171ec47f-24a3-4c58-9d9d-213e8bcce1ad,Música 1,8e6c549b-cae0-404f-bda1-3b051f512dc0
700be4ef-219a-46eb-805c-8d65ba0d3f9c,Emprendimiento 1,b52bd72d-77ea-4be3-9491-41f92191b70a
43077d86-f83d-4b3c-bdb7-8100c8b96e5e,Biología 1,0f8954c1-60e0-48a5-a3be-f901795aaa24
08fbd33d-30be-4548-b4b8-4d2718010416,Educación Física 2,7a3ac3c7-261e-4a18-944b-05b14c9a2f1b
eeb77df4-f1c7-4fcc-8737-0b942878edf1,Filosofía 3,a6d736a7-6840-421f-934c-df49f9671c27
264600ec-fcc6-4407-a844-8358e4364c6f,Ciencias Sociales 4,2bf1dc26-086d-4ece-8b7e-5c23cd94e88e
5bcfaeec-e8d5-42af-a875-6fbdc2cb9b9e,Ciencias Sociales 2,0cde4a8a-e382-4386-94d0-0a6b0c6d0caa
85e3a855-0d1d-4db8-b49a-52f6630df9c6,Literatura 1,8a342f67-f0b8-4b2f-82d1-5ae090872ddb
31fba2c7-dfbf-4ecb-b217-dd1b0d067cf9,Emprendimiento 3,384ce34e-c3b5-4a69-8ca1-78ad594d96aa
a5ae4073-ddc9-4df5-8254-a433ffad9415,Informática 4,c7dde236-772d-4a20-b889-3f849efeaaa4
8ecab1cc-3617-4bf8-bcd5-0c21dd2050f9,Geografía 3,9ae44b46-0d8f-4734-a9f2-b144a4aea1d5
2f61ecf6-ffe7-4e56-bd03-1e64acf31dbe,Emprendimiento 3,804f5639-783e-4648-b98a-b74c3ef21990
cf7b668f-8b1c-41a6-bd1c-4f4a3d182725,Religión 2,bbcbd56f-d4b1-4006-8e3f-6dc7266dcbd5
b151feaa-1769-4962-978f-620c6d33d3e8,Filosofía 1,8b5dd8d0-52f7-4724-8ba1-d58a3b4ae80e
65ec09b7-ea63-4ab1-83d4-b6c40a5753c0,Filosofía 1,17683f13-d4d1-44d5-9b20-9a9d5c0a5055
0689c458-ac4e-425a-98ac-699474dc4d6a,Física 3,e9c03c84-f603-4447-92de-1b30cc0da56c
47932f62-550d-4cd5-88b0-6d1fe98adbfb,Lengua Castellana 3,430a8977-790f-472b-8a72-2ac13bff0793
fd1a00ef-98c5-4bfb-8943-b87e7959130f,Arte 2,a8711814-f3dc-457d-8f40-af563839efad
165b614e-533a-438a-a93e-eb244373c4da,Literatura 2,4691dcbe-6ef0-46b6-9907-6affca19081e
cf07a85e-262e-42be-90a6-ca6c3973b6b6,Economía 4,9ae44b46-0d8f-4734-a9f2-b144a4aea1d5
a8c6d6d7-5c66-4a3e-8953-082cf5e6101c,Ciencias Sociales 2,2fe502c9-45de-481e-bd6c-0448f141912a
dc3e2edb-1248-4241-99c5-beb63eacfea6,Emprendimiento 2,709ac1a4-7fb7-47b9-929c-253a331d5cfe
e336b139-3396-489d-842d-8d5b7c40049d,Educación Física 4,8b4174f3-2e82-4cc1-a802-870339cf14cf
51a89d5f-b64a-4a1e-9127-946210998c97,Historia 2,6c8a3f1e-8f5e-4c94-8866-0c4a0b663aa3
012b380e-6fce-43f7-bff1-9eb17575738f,Emprendimiento 2,8e24b0c3-f717-40da-9c99-a4e47b26edf4
ea29dd65-b721-4d44-ab92-63b4113ab7eb,Matemáticas 1,8015238a-8b4b-424c-afed-93b44d97d9ed
7deb4c1e-28a1-49fd-8cba-8cf8b407c2a5,Filosofía 4,4f4b2539-f091-4f16-8b21-9a92e1efc6a5
a9e4645a-2aae-4b99-9691-23d17a602775,Lengua Castellana 1,ac719b55-7366-4f07-8ada-28173aa0e6f6
abf4dea3-e98a-483e-a7a6-9586cf9a3d45,Economía 4,5d43721d-b414-490f-b200-950a6d0f7b86
bd19e783-f28f-412f-a827-426b2d653dd3,Química 4,29248296-4e7b-4861-8005-570f8012b2cd
e863aa0c-6e4b-4e98-a8b2-3ef25c49a888,Biología 2,30567989-a91b-4ba6-b7b3-e48f1cdfd6a7
4009bd95-3d3c-4141-bd27-71ab7dacf1d9,Literatura 4,8e24b0c3-f717-40da-9c99-a4e47b26edf4
d16775d1-1de6-4ecb-b403-53475ef24ad2,Educación Física 1,78cf2d80-2fa6-4380-88fc-8253c0f17ec2
ed199162-efc3-4023-8ca4-dddce90939e8,Religión 4,70a85213-1fc9-41af-b517-0fcc2d38a769
6a89ed79-41e7-418a-9a73-3c7d0d16755f,Literatura 1,5c0475df-9b5d-44f9-b2d8-cd871caf645a
675e36a8-0b15-43f0-b78d-16eae96fcb35,Química 2,b73d4f83-e0bf-4520-877a-4c1ef3b00607
2b6d322c-d841-4dae-adff-f951169cbee1,Música 1,6da68340-3336-485e-91a6-b1bfa0d252be
7a58d75f-3279-4a10-86fe-fba5b0beb901,Inglés 4,fd713208-a8a4-4f01-9150-3735fe918225
7f32b09b-8261-4a75-8e2f-d9aebf436736,Inglés 4,71e31094-5779-4e7d-a63f-a6be5a66a34b
11ef5d3c-1a07-44de-8ba7-988b12954fc3,Educación Física 4,6c8a3f1e-8f5e-4c94-8866-0c4a0b663aa3
b7031c99-87ee-4551-bed6-21f12c0d9868,Geografía 4,80c6895f-b05e-4766-b6b2-48146ac6d484
78d898f8-805a-46fe-9856-d754e2b799a3,Lengua Castellana 3,974cb8af-1588-437f-822d-a43bcb187864
3054eb75-787b-4303-9f37-02431c2caa30,Arte 2,a3ca521d-b6e0-4a8d-9041-c7d9f0662521
f823dd18-1975-43fa-9c90-21f8db734416,Música 2,a5073e81-3ff5-404d-9573-d7a3c83ccaaa
966fb22e-3808-4c24-8aee-3913d5741e43,Tecnología 1,3dd4b3a1-e1b6-4c2b-bda0-08c72b1ac893
48abaa7e-ae23-46ca-8c2a-9588b7933374,Tecnología 4,2fe502c9-45de-481e-bd6c-0448f141912a
2e49dbe1-4ed6-4607-8069-865d49d7beae,Historia 4,27edc060-5b01-490d-9087-dfdc45249181
cc0f3904-0b6a-418e-8ea2-8e17df0d195f,Tecnología 3,7d4f1d06-3e1e-4464-b329-a865c5248e09
e625ae40-cbec-4d10-8108-3fbd9b20548b,Química 4,71e31094-5779-4e7d-a63f-a6be5a66a34b
201dd374-a4f7-432a-88cc-adbe3b3336e8,Química 1,ed86368c-ec77-4cd6-8ab1-d4cb3360967f
e5cd0ebf-92fe-4a23-a1eb-07e4393d0438,Informática 1,35bb50be-c589-402d-9f54-e020b2cd409f
2e16c68e-4c34-4f8a-912d-29876a13a115,Biología 4,d041e80f-5cc1-4cf2-a092-55dc79f9a6ad
df4c6709-f2da-483d-b19b-4782400b3ded,Economía 4,ac719b55-7366-4f07-8ada-28173aa0e6f6
4f7810fc-fe5d-4113-80ae-e0b8cb1e1c26,Ciencias Sociales 2,6d34d505-781e-4703-8dc4-b028063b17fb
c0de2f19-7546-44a6-9029-27f3045edd9a,Religión 3,eb3be8b5-1490-47fa-b0e1-228f8d639252
0a15de61-d7fc-4ff4-a87a-5464c1bd6c26,Lengua Castellana 1,b8759b54-205f-411d-904c-10e7fe8b2460
f1c0ea3c-1f90-4c1c-a32e-8232799a1196,Educación Física 3,b52bd72d-77ea-4be3-9491-41f92191b70a
76bb95c9-1a7a-465c-990f-68b6957f746b,Tecnología 4,d2630a78-01e4-4dfb-ada4-615cf2c5e13c
3f9fd610-91b4-4142-ad05-6b62628ca541,Informática 3,1573295a-e35d-45b5-a73d-20937c81765d
a43488ff-dca5-4302-b075-01e0e2e48534,Inglés 4,bbcbd56f-d4b1-4006-8e3f-6dc7266dcbd5
097d54bf-18f3-4734-8ec6-64660058fcf5,Educación Física 4,16a47ecc-5dc5-40a4-a9b4-fc7d44c1c57c
25b6c5a4-de1e-4748-8f8b-035d8b44938b,Religión 2,3e077679-132c-48b6-9ca8-f6ea3576859a
1b5b3109-d323-4bb8-b359-4d7ed16d8991,Lengua Castellana 1,5b3becff-8aeb-4c88-9a76-ccad9c7260db
303fef16-4fec-49ff-b7dd-fc5aa5234a58,Física 1,1647bba8-d2c1-4cb9-9000-989b790c70f0
9a7d8e36-d0f3-483b-a409-1f593edef906,Música 2,c92bb0e5-b608-40e3-830b-f0d32a3375ea
54989f22-7f10-49cf-838f-4916ac597397,Historia 1,e9f84a1c-8164-475b-af56-ec0d3e37ef5a
c1f28323-ea1b-4ee7-8748-dd2032bad6b5,Educación Física 1,46e55b55-0a9d-41df-9f97-6da8b743fad9
d1ed0e85-19a9-44de-ba74-ac2dc6a967ef,Música 4,bb7140d3-3907-4aa3-bfc6-cc9a637f806a
7438294a-2510-43e3-a7ea-9d45b8b7e8f4,Economía 2,9e038322-9ea9-48f6-80b1-1b5c22f455cc
5f3185d4-8c8d-4845-a79f-e58cec91b136,Inglés 2,fa4e1d5d-3ed5-470a-a92c-b50df329655f
31f6e166-2aef-43e9-bae0-748f2b6be7bc,Música 2,ac719b55-7366-4f07-8ada-28173aa0e6f6
3a910e4f-dddd-4a12-9957-19948dbbe1cd,Lengua Castellana 3,b73d4f83-e0bf-4520-877a-4c1ef3b00607
33c92716-8e61-4080-aa55-6311da8aa8a8,Inglés 3,640e4c58-74ce-4847-91fd-cfbf39919c6d
a09b70c5-c971-4958-92e3-ec3aa8550fc8,Economía 2,b52bd72d-77ea-4be3-9491-41f92191b70a
6dbe2b4e-ca3c-4204-93f6-e6c467b31dc9,Religión 4,a1b7e3b9-b2de-42d5-8921-454a10489a2f
6e187eec-af3c-4152-8101-668ef29db314,Matemáticas 2,eabb05b3-62b5-49d5-9752-4809b7369081
f1b61493-9397-4b30-bd90-b773a7265a88,Inglés 4,ac719b55-7366-4f07-8ada-28173aa0e6f6
5560e9eb-111f-440e-90cb-8566ad3bdf03,Emprendimiento 2,0524b8df-c7d1-4bed-b55b-58e6eeb90d3a
0c2ac883-32e1-4d87-b13d-d0e3dc8eb885,Emprendimiento 1,7cf13cb0-eee4-42e0-bcc2-8a5c9dd850e2
8588d9ff-305b-484b-9623-89259195ef73,Inglés 2,804f5639-783e-4648-b98a-b74c3ef21990
ff02e528-e5ae-4b4b-bf4a-bff3e17348d6,Música 4,554cabdb-023c-4dae-9ea4-c736fd3addeb
d1ae7e5b-a70e-491b-bdb1-d4781d546900,Física 2,58b048b6-9d35-44c2-b3af-a515671370c6
8eed0456-8ab8-40f6-acd9-18056856190b,Economía 2,5c0475df-9b5d-44f9-b2d8-cd871caf645a
5fc2cc25-120d-4f0c-972f-b9e6f6d52877,Arte 4,4031c4e9-3986-4df2-aaba-ca0779abddbf
6c54dfcd-f6c0-4f36-9219-c665dfe62079,Lengua Castellana 4,6da68340-3336-485e-91a6-b1bfa0d252be
64258ca1-e45a-42f4-80b0-59dcace34f15,Física 1,3e077679-132c-48b6-9ca8-f6ea3576859a
aea4b278-56ca-4fa5-8d82-84e6b557b8a5,Ética 1,1647bba8-d2c1-4cb9-9000-989b790c70f0
e43d717a-4cbe-44cf-897f-a761e46d6b64,Inglés 2,974cb8af-1588-437f-822d-a43bcb187864
07069531-e9d7-4bf2-bda8-3a0da5a87e4b,Historia 1,35bb50be-c589-402d-9f54-e020b2cd409f
5f61de68-6d54-4bf7-ac0b-d5a0674da008,Educación Física 3,8a342f67-f0b8-4b2f-82d1-5ae090872ddb
de015b9f-c2c9-45c4-85f7-abdf4b406a3b,Emprendimiento 1,3e077679-132c-48b6-9ca8-f6ea3576859a
bf757802-95d8-45dc-a4d3-4fb8723ffa56,Historia 1,8e24b0c3-f717-40da-9c99-a4e47b26edf4
caa48453-6ce3-4584-b649-c3849d082136,Química 2,8e479a27-0509-46e7-844e-61399d49dd2e
67b38d6d-6d26-475e-86e4-75b584e88476,Economía 1,02e1ae37-4789-4cb9-bd0d-dd530107f30a
16f54119-a44d-4933-8e7d-23030675d986,Física 3,b188a0e7-e33e-4b81-9598-c813819e72b9
448650a5-3988-47cf-a871-64cb9d416d7d,Biología 4,17612b08-d31c-457a-b184-d14e732f3d96
b777d307-eead-4375-8d68-345f75169fe6,Literatura 1,29248296-4e7b-4861-8005-570f8012b2cd
df27963f-aa6f-46b7-bc06-5734dec461a6,Emprendimiento 3,ffa7b666-82d2-47c4-84e5-8d06108f8e6b
692afa06-256a-466e-89ff-4cd9ce6666b8,Tecnología 3,f1d6ec07-07bb-489d-9ad4-746259563598
54ee0865-f338-4208-9fbb-d92d5e326dd9,Biología 4,7cf13cb0-eee4-42e0-bcc2-8a5c9dd850e2
10e13b36-e4ad-4b03-a5dc-f95c96e80675,Economía 3,7a3dc9b3-5991-461c-bc26-c8438a33581b
cba6a8ed-b91e-44d8-96c1-4b35b35a974b,Arte 4,f9fe79d1-8231-4c43-ac7e-1204d8b647cc
d962565b-603f-4e3d-a482-fa2d83393dee,Informática 1,29109a07-49d2-46d8-837e-f8a706ac401a
b591b5d0-29b6-49ac-a788-bda0d0f77fd7,Ética 2,2c045d9f-b0fd-435c-b87a-6d364a4a179f
a73bd406-52cc-4369-8786-71b14520c45a,Arte 4,83a80bfe-66ae-4969-a35e-1e8b54648abe
239c5b63-1cb3-4f5b-8da2-09dc6725730a,Física 4,3dd4b3a1-e1b6-4c2b-bda0-08c72b1ac893
70b39c2a-7893-47ff-b7fd-5e8c64229802,Historia 4,a6d736a7-6840-421f-934c-df49f9671c27
142b034c-cc96-4e42-9acc-3cf57735dad9,Ciencias Sociales 1,6f632c01-e145-481a-b440-5855bb5c78c2
558916fb-c3fe-4bf8-84c4-126b8fb2f117,Religión 4,876631e2-d64b-451c-a6c0-27ed5f38680f
f91d5d8b-5122-4727-ac33-06d80ceb62c5,Ciencias Sociales 4,a1b7e3b9-b2de-42d5-8921-454a10489a2f
b52e0eb8-1f19-4c1a-abc5-4caf09129b84,Lengua Castellana 4,aa96918f-f372-40c1-bf97-7fd0e9ec14f2
164c874f-f6a7-4908-88c8-372936e3d4f2,Tecnología 3,b7392bca-fe95-4c76-a7ff-2953dc9f0e0f
a77a3203-a896-410f-8e5b-7c63d555c230,Informática 3,0524b8df-c7d1-4bed-b55b-58e6eeb90d3a
5a5ca7ca-e312-476a-85f5-c4ebb64fc3e9,Educación Física 2,2fe502c9-45de-481e-bd6c-0448f141912a
c43ce499-22fb-4db1-94c0-4ac67e63d791,Emprendimiento 2,9ae44b46-0d8f-4734-a9f2-b144a4aea1d5
a362d82b-de10-4f79-805e-a522059d9c12,Religión 1,a1b7e3b9-b2de-42d5-8921-454a10489a2f
d76b4cd8-647b-40dc-9222-295c24063d10,Química 1,f63654d8-926e-400e-8222-8c24c43e5ca8
0150c47d-2c8c-41db-9ada-6c106e0a44fb,Historia 3,6c905772-628d-44a7-b568-e28d955ad723
8847fda5-3414-4843-a2ed-a8fe2aa44a29,Lengua Castellana 2,17612b08-d31c-457a-b184-d14e732f3d96
14bfc8bc-c703-4336-9169-dd2f1514d8f5,Química 4,5c0475df-9b5d-44f9-b2d8-cd871caf645a
5e3e026c-5f21-497b-9538-3100a26a99dd,Religión 1,bb7140d3-3907-4aa3-bfc6-cc9a637f806a
1ee84ba9-0a2c-45ed-bb37-b6aafff49c9f,Música 4,1573295a-e35d-45b5-a73d-20937c81765d
6f8abf36-3e87-4aba-a800-84130be380c2,Filosofía 4,5a7035b0-2f9e-4c6b-ab64-f2534a5b784f
5b3d7fe6-3f9b-46e5-aadc-30cd5f493f55,Educación Física 4,a5073e81-3ff5-404d-9573-d7a3c83ccaaa
1812b5a2-e334-44dd-ab50-07dbbce08d29,Educación Física 4,9e038322-9ea9-48f6-80b1-1b5c22f455cc
4d5abce6-a71f-445d-aec2-4fccecd179e5,Religión 4,63c3464a-5cb7-4791-a7dd-e354714f388a
8061ffd7-5475-4299-a15f-1f44cb36b72f,Arte 4,03512f66-0be9-4531-910e-b6e21b43ab55
55cd8860-b80d-4ad2-84c6-361aee42b11e,Economía 2,c9ac9ff9-5644-48a9-9318-9fe4f0f31e2d
3d82e025-2a6f-423d-9358-32f05e85c13d,Filosofía 1,d041e80f-5cc1-4cf2-a092-55dc79f9a6ad
26aa0a98-6e04-458b-98bc-232649bc45f8,Música 4,bbcbd56f-d4b1-4006-8e3f-6dc7266dcbd5
7db30b45-3c21-4a1f-818d-90bd40843d96,Filosofía 4,2d3d9aef-5f60-4927-9338-031a9d7deda3
9c5130c0-5437-40f4-b905-8051190548d5,Lengua Castellana 1,d041e80f-5cc1-4cf2-a092-55dc79f9a6ad
4d8dc93e-213f-4568-b4ee-8540701f4d00,Inglés 2,804f5639-783e-4648-b98a-b74c3ef21990
6c06f7d7-9fcc-4ca3-b4f2-638448677fbb,Historia 3,d9da6007-f79f-4c4d-8e86-be9b1c3514a6
4ea7d76a-c33a-4b7c-a996-da98d77c4a7b,Matemáticas 3,bb7140d3-3907-4aa3-bfc6-cc9a637f806a
d2c8d33f-9ba3-49de-abeb-a1ab6615d2e4,Lengua Castellana 4,424bc090-bf5d-4cdf-871d-cee8e565d339
da586f27-b5b4-4285-9f92-044960c2f9ff,Química 3,29248296-4e7b-4861-8005-570f8012b2cd
573b80e1-0909-4003-ba18-05d587287bbd,Música 2,13dc9558-cc72-4499-8976-a2beccb1e079
53ec8be9-abef-4ed1-9ee2-b8760660a926,Biología 3,c8ab544b-b2c9-4224-b3a7-a73c6e637590
a0e1ffad-4154-46b3-ae7b-6450dbb1aa18,Ética 4,8e24b0c3-f717-40da-9c99-a4e47b26edf4
7c69af16-0acc-4dc3-ba8f-026c925facc3,Química 4,d9aff019-95a7-49cc-9c3f-d10d81f2b150
d3b069d9-0f96-47f1-964d-f1b731356129,Arte 3,8b5dd8d0-52f7-4724-8ba1-d58a3b4ae80e
b6919f6b-93e0-4399-994a-28aac64a652d,Ciencias Sociales 4,161663ee-cf02-4885-be30-31b4b8f45102
8a288bd9-5475-4cee-adbf-785c086bfef5,Inglés 4,d02b8394-bafa-45ed-9192-c0e29c51df1f
f88f3d43-35cf-438a-bdc8-dca21cdc23c9,Religión 4,8e6c549b-cae0-404f-bda1-3b051f512dc0
23fdffd9-6579-4975-9c53-888f2d52544f,Inglés 1,7cf13cb0-eee4-42e0-bcc2-8a5c9dd850e2
723c94e1-8766-4aaf-9ec3-291d7bc27684,Química 2,718f54b8-842c-4d50-897c-cfc00596f906
243e5b52-f3e9-48b5-9cd0-87a747ed5758,Música 1,d9aff019-95a7-49cc-9c3f-d10d81f2b150
86d6e4d0-f452-4d32-ad02-2473cae28c25,Arte 1,430a8977-790f-472b-8a72-2ac13bff0793
f14393b5-5894-4e55-a082-6db4be3f2121,Educación Física 4,80c6895f-b05e-4766-b6b2-48146ac6d484
a454edcd-471e-4a90-978f-ee4f1c5ebbe6,Religión 4,ae2eb0a4-0a0a-4b00-8154-9ffbb864cb30
6a21df12-4bdf-44b5-ab37-f7909bc8f6fb,Tecnología 1,d2d58d6d-e5fd-4eec-b045-5fad65fcf5eb
60c1dda3-7c1f-4126-8b45-ea9a445b5143,Física 4,7d4f1d06-3e1e-4464-b329-a865c5248e09
0551a49c-dce1-4ac8-828e-fed467baed83,Emprendimiento 4,650e6994-7594-4844-b55e-3b20b565739d
b005cc07-a0f5-404f-82e6-ca59278ca6f5,Arte 4,f8861a1e-233f-430e-b02b-93390cc03f9a
a9dd817d-db3c-47c7-a891-8bd766c7ee45,Economía 3,17f40355-395f-4f55-81d3-503d3ae7c907
81757df5-e8de-4701-abdc-c482680e8664,Lengua Castellana 4,f63654d8-926e-400e-8222-8c24c43e5ca8
6ad56028-cfbe-4c96-b9fe-dedd48b80235,Filosofía 4,f63654d8-926e-400e-8222-8c24c43e5ca8
a2122d6a-1686-42f0-b79c-5fb54d610804,Geografía 3,c82f984d-90b7-418d-8fa1-c49b5dc26640
a0602864-6f4c-410c-9f7a-ae46a81339f9,Emprendimiento 2,bf02a94a-588f-495a-a540-881b82e0c4bc
35a6814f-5a6b-4636-b142-5930dc4a04df,Música 2,709ac1a4-7fb7-47b9-929c-253a331d5cfe
2d859098-81e0-45f8-a4bb-a2b60f4dbbc5,Física 2,d8a484ed-2c47-4393-a7ad-0e14927f674b
c288abdd-8a7c-4155-bb20-da598581cbeb,Filosofía 1,2bf1dc26-086d-4ece-8b7e-5c23cd94e88e
52b36060-b909-40e8-9176-d458a982bca9,Geografía 3,2d066316-0ccc-4cc6-bce8-29d43a78c086
aa85fc7e-42e3-4dcd-ae87-1e08e6f08f65,Tecnología 2,0cde4a8a-e382-4386-94d0-0a6b0c6d0caa
a24618af-3c33-4667-b7c8-f46731e14869,Educación Física 4,39ff52dd-0405-49e0-947d-b88ed97f493d
30b12790-6092-4533-9204-7f3fb80038e8,Informática 4,d1cbd06a-4cce-46c0-8666-f2816b16a15e
52c34769-6780-4673-bff7-c9834e007f35,Ciencias Sociales 1,39ff52dd-0405-49e0-947d-b88ed97f493d
b6aec572-66b1-4f06-b2d8-5c6bfabddb67,Lengua Castellana 1,7d4f1d06-3e1e-4464-b329-a865c5248e09
e7dd1dbb-1b9a-4a8b-8d93-afda5a476de1,Economía 4,fa00725d-d282-439d-87ea-c3a9a5316104
e5822358-df2e-43d6-988c-abff9e3403d9,Educación Física 3,17f40355-395f-4f55-81d3-503d3ae7c907
7a8c3614-bec6-4121-a290-3cf1fcc3b5ef,Ética 3,08e2bc06-8a36-4bc3-9508-5d0121ac15e2
95265822-7587-4d97-b62d-e37025ed40c3,Ciencias Sociales 2,b4e9656c-0440-4a6c-ab3e-ddb76437fa34
4fb3976f-e8be-4fc8-b3b8-b880aad1289c,Educación Física 2,8ccf621b-d415-4014-a47c-25cccd777b48
fc4849aa-d990-4a51-9e4a-d62383b88738,Ética 2,16940373-6dc3-4087-bd41-d1749247d160
97646de8-0445-41d1-bd12-ded172824460,Religión 1,0aaf044e-0f88-43aa-8988-4845fef68d41
ca54a44c-3038-49c0-8679-395ccc5f7d97,Química 2,d2630a78-01e4-4dfb-ada4-615cf2c5e13c
f79697cf-d3e6-45e3-805c-6135e891f0e1,Lengua Castellana 3,aacddef8-99d4-4038-9969-2df71535a753
10200a40-024c-4626-9085-4cd841fe0077,Economía 2,376a7810-a1dc-48f1-a2bb-9cad8fdbca2a
f8bb7788-c57a-45bd-8fb0-1440c1abd8b6,Filosofía 4,5a7035b0-2f9e-4c6b-ab64-f2534a5b784f
29187b35-a447-42fb-80f5-350596f99805,Arte 4,0524b8df-c7d1-4bed-b55b-58e6eeb90d3a
cc65a6aa-ed57-48ac-b1fa-3d75666f93e8,Música 3,8b5dd8d0-52f7-4724-8ba1-d58a3b4ae80e
d70662d1-f73b-44cb-8150-822c528aece9,Economía 4,fa4e1d5d-3ed5-470a-a92c-b50df329655f
ba724e67-e46d-41b5-833f-caae055549c8,Ciencias Sociales 2,6d696f0e-345b-48b3-9b7c-2202b68317d6
2a424ecc-c771-43ad-a1e7-26c54d722989,Matemáticas 2,7a3ac3c7-261e-4a18-944b-05b14c9a2f1b
26a7fc3a-6682-4d53-9954-05cce47a507a,Religión 2,87a2b540-dba7-486a-aba9-39150e897f0f
d8226262-9ffe-470d-9107-745237d5389b,Emprendimiento 4,bf901eb2-02ce-4db4-bfcc-060f021ec670
c9da46ab-d2ce-4a25-874a-5cc12d9e25b0,Matemáticas 3,1b975c0f-3ce2-4b73-ae6b-2f1e05b288bc
aa2867a8-aa94-4f4c-94d6-c90921303730,Literatura 1,c82f984d-90b7-418d-8fa1-c49b5dc26640
6df878a2-ffaa-4a0f-9213-335bb0d70fe0,Matemáticas 3,71e31094-5779-4e7d-a63f-a6be5a66a34b
2faae481-6aa5-4aed-b7b0-bf67a0700df3,Matemáticas 4,d4831467-cd08-4961-a892-894185bdd862
dac89ec5-6686-45a0-b1b3-7b03d888d27e,Tecnología 4,b52bd72d-77ea-4be3-9491-41f92191b70a
b74e1137-35ce-47c4-8fbf-a9c3c36696db,Biología 2,c82f984d-90b7-418d-8fa1-c49b5dc26640
86df8863-0904-4ae4-9de9-9d9d4ec4f2b2,Lengua Castellana 1,a8711814-f3dc-457d-8f40-af563839efad
12f00c9e-f32d-4de0-a35e-56b07692eb30,Tecnología 1,17f40355-395f-4f55-81d3-503d3ae7c907
51019646-eb98-4c5f-bb93-58361c16c66a,Inglés 2,ed2b6e95-b389-42f4-a47a-8ac4c89c1358
8f953d67-6770-4e58-b189-8fd38437c91c,Religión 2,5d43721d-b414-490f-b200-950a6d0f7b86
fe96ab6e-d1e3-4841-a381-ff7c4cea93dd,Educación Física 3,8e6c549b-cae0-404f-bda1-3b051f512dc0
336b8224-e6e4-4535-ad3c-aee2da19f870,Educación Física 2,a5073e81-3ff5-404d-9573-d7a3c83ccaaa
aaf92b1f-f37d-43f2-be80-9ad98edf9c2f,Literatura 1,8a342f67-f0b8-4b2f-82d1-5ae090872ddb
8d097cb5-c6ab-41fc-8d71-3759ef1343b5,Matemáticas 3,eb6faeab-4acb-485c-b1dd-5305056b1589
c09d9700-6b53-42fd-a3e6-0e1b460aa680,Literatura 2,0524b8df-c7d1-4bed-b55b-58e6eeb90d3a
03a5b988-cda4-48ac-a8e9-321d6c630e20,Arte 3,04ec1896-196b-4fb7-a322-8c07bf8c3e13
ebe8f1ef-4855-46ff-821f-9dd7210c9484,Informática 2,d02b8394-bafa-45ed-9192-c0e29c51df1f
3d9ce5f1-10c4-4408-872f-97ddd55d24b9,Ética 1,06d81220-5e08-4a13-8d5d-e813e9bf5dbe
90607707-3c7c-4857-83bd-e3858753ab7f,Emprendimiento 1,974cb8af-1588-437f-822d-a43bcb187864
fc0de449-0c5a-4285-afaa-3da677b32aff,Ética 1,c2248118-150a-4003-8446-c54ee5fecfb0
ccc35c3a-951b-481f-8ce7-c148ba7cb3a2,Literatura 1,14aa80e6-7e56-4bcc-a94b-1d9c503e076f
c934b43f-30f8-4bb6-a4d4-a845a0b32805,Tecnología 3,eb3be8b5-1490-47fa-b0e1-228f8d639252
f1725b03-3afa-4ece-ad30-b1454d242067,Química 2,c06af395-4ca4-4ffa-9d94-85be05726475
4f7c0704-74dc-440f-8189-947a17e4cfab,Literatura 2,7da6d67e-c609-47fc-b51d-fada00e570e0
945c0ceb-3f73-4db8-b5f6-d4bcd4fc47fb,Filosofía 2,2fe502c9-45de-481e-bd6c-0448f141912a
6576a8bb-fd10-40f9-87c7-595746656ef8,Música 1,709ac1a4-7fb7-47b9-929c-253a331d5cfe
7ddf60c7-8bf6-4d87-9adc-ec017340c6f9,Educación Física 2,808e4916-a95d-45ed-98f2-a1a9be5b1c53
f7e56a84-b307-478d-b9ea-ba282f55bd77,Geografía 3,ac6bbb94-f163-4e5c-a55e-48e1fef2f90c
26f1b5c0-5b47-47d4-8274-53ed3a0875ba,Filosofía 3,e774e413-b25f-4d2a-81c9-1810d2bb7f12
ca4f6c3c-e8e3-42d1-a66d-3b11499d997f,Literatura 3,a0b702d1-5218-4dfc-852a-97305bff4ead
ef3e11bf-efef-4e80-9da0-b6b0f1414136,Química 3,06d81220-5e08-4a13-8d5d-e813e9bf5dbe
53af0ee4-8b34-4ac8-8089-7b0e25b614cf,Matemáticas 4,a76212e4-fcdb-4271-8ba1-37e8ad2b05f6
4dbc8436-9164-40ba-abbf-942bbf5673d0,Economía 4,c82f984d-90b7-418d-8fa1-c49b5dc26640
29595c3e-f08c-431c-9d0f-5dad56d594e5,Arte 4,8e6c549b-cae0-404f-bda1-3b051f512dc0
532a5072-12ef-4fb9-87cc-094de80175aa,Química 3,650e6994-7594-4844-b55e-3b20b565739d
27ab0384-1900-4f08-bbb3-77de37dcb1c0,Matemáticas 3,c0219215-75c5-41af-9d46-b62bddd42b06
0e1360dc-239a-43f1-a7a7-c76ae756f467,Informática 3,384ce34e-c3b5-4a69-8ca1-78ad594d96aa
e08b41c3-9bf1-4ec9-bb27-76f108c8d886,Ciencias Sociales 2,7d4f1d06-3e1e-4464-b329-a865c5248e09
b1a40cb5-f693-4958-841c-5bb5baaaedca,Educación Física 3,2c045d9f-b0fd-435c-b87a-6d364a4a179f
8d299016-a807-4942-8747-02fafa2598e5,Filosofía 2,d8a484ed-2c47-4393-a7ad-0e14927f674b
28ab94c7-71c3-43a4-87e8-6e8f6d4c3dc5,Física 1,1fc4bd03-404a-424d-8070-c5731a384c7c
f449b66a-06f1-4c9c-bc43-38aa329654ad,Filosofía 3,82b7aee1-5566-4be3-a1a8-0dd88e5dc9a7
f875ed56-9140-49bc-9e1b-270800dc0407,Emprendimiento 1,0cde4a8a-e382-4386-94d0-0a6b0c6d0caa
8830be43-8892-4c40-a8a4-8159e7bcfcf0,Ética 3,63c3464a-5cb7-4791-a7dd-e354714f388a
5c362e9c-192e-4952-8218-ac3303f2d1d1,Ciencias Sociales 3,b7392bca-fe95-4c76-a7ff-2953dc9f0e0f
efbc62d4-a119-4eba-9d76-1482390d9af8,Filosofía 1,71e31094-5779-4e7d-a63f-a6be5a66a34b
a173967e-2950-49d8-b2ec-b14ae4f08b82,Música 2,14aa80e6-7e56-4bcc-a94b-1d9c503e076f
748de91a-9fbf-4119-9608-efefa7a0a593,Filosofía 2,4691dcbe-6ef0-46b6-9907-6affca19081e
ecb10df9-0e4f-4160-bda4-195281cc446c,Informática 3,94e5034a-2a56-4e35-969a-7a5059cfbbb5
3168c0ae-c72d-4165-bc17-566481ea9a68,Literatura 1,80c6895f-b05e-4766-b6b2-48146ac6d484
3c0df2c5-2731-45e8-bbc9-2ae4f1a64bac,Ciencias Sociales 1,b188a0e7-e33e-4b81-9598-c813819e72b9
13077f75-f0d1-42e2-a1bc-3f11473550bc,Literatura 1,a6d736a7-6840-421f-934c-df49f9671c27
10585500-1b6c-441f-90d1-31f7d822e687,Historia 4,1573295a-e35d-45b5-a73d-20937c81765d
c064c12e-db6e-495e-9701-6f0338cfd77c,Biología 4,7da6d67e-c609-47fc-b51d-fada00e570e0
df03a323-ed51-4976-ab67-28125dffe74c,Filosofía 1,cf68ad0c-65c9-4191-b036-6fb2ce8fe8e2
6006bce4-c256-4cce-819b-402f1907b2b9,Lengua Castellana 3,7c2c72d7-e29c-4a09-bfe5-32bbc3151147
4ffc91a9-352e-4ac8-817e-3ec07814d64f,Inglés 4,d55f4ba3-170a-45cb-abc8-062dc9012e89
53b96153-bf53-4b8b-9098-c27b2d6353fe,Inglés 2,650e6994-7594-4844-b55e-3b20b565739d
db270e17-a430-4516-b8f0-0592a1d49c05,Química 2,39ff52dd-0405-49e0-947d-b88ed97f493d
6c928f9e-fa60-4ff6-b749-817c7fb1e6be,Emprendimiento 1,749ae061-a6c9-4efb-81b9-eced2f2f7176
b1f30258-7da5-490a-bdac-d199a591ead4,Tecnología 1,f2188879-b871-408b-8d7d-f6c854036591
4199a2d1-607f-4542-9985-a283838327bb,Filosofía 4,8a342f67-f0b8-4b2f-82d1-5ae090872ddb
5c1907b1-ede8-40a3-82b6-fef45ead1a4f,Filosofía 1,ccdf0a93-614e-42a9-8693-ea3de07509f8
6c4e5878-e26d-45f3-a1f0-1de8178f2b07,Lengua Castellana 1,8b4174f3-2e82-4cc1-a802-870339cf14cf
d3e6321d-a6aa-41fd-a18d-bc3eb7cbb66c,Ética 3,d8a484ed-2c47-4393-a7ad-0e14927f674b
e33854f4-cac9-4bc3-b749-cac5add31d5c,Química 4,ecab5c03-73bf-4072-9a51-1b9c3431c10a
210b70fd-1115-4908-97db-6d1f36d05503,Lengua Castellana 2,0aaf044e-0f88-43aa-8988-4845fef68d41
d8c6fbbf-935d-4d14-8cbb-7c66dae19914,Geografía 1,ac6bbb94-f163-4e5c-a55e-48e1fef2f90c
aa668433-4901-4184-b4e9-72b4d7adcda8,Emprendimiento 4,0524b8df-c7d1-4bed-b55b-58e6eeb90d3a
717935fe-1896-405e-aefd-b3809c892c30,Emprendimiento 3,14aa80e6-7e56-4bcc-a94b-1d9c503e076f
2be63147-8a92-473e-bbbf-49b814518eeb,Educación Física 2,02e1ae37-4789-4cb9-bd0d-dd530107f30a
cef83aac-036a-4843-9e56-96b8a814ae83,Historia 3,935f0879-2c6c-4a55-8243-548fd3d62eaa
8d50773e-6cdd-4fe7-b7e0-42bee30cc6ee,Lengua Castellana 1,430a8977-790f-472b-8a72-2ac13bff0793
41bad484-c9b4-46d4-ac7b-3c4a24c668fb,Biología 4,c0560631-806e-4222-b11c-1c6b7372f284
6d5fcd19-f43f-472a-9a3d-8f436c868018,Arte 3,4031c4e9-3986-4df2-aaba-ca0779abddbf
d00d90a8-82d3-4a95-a1b1-0d9249903e3d,Geografía 1,70a85213-1fc9-41af-b517-0fcc2d38a769
b0ad0231-0b32-45c3-8505-8746ccb25499,Música 4,a76212e4-fcdb-4271-8ba1-37e8ad2b05f6
29059c09-a83d-4504-a64e-1b4ec3cbc42e,Química 4,1b70addc-08e1-4e9e-9261-6b5d361c3fa0
1cbe6cdc-e122-43d0-b85d-487a2ad8bb7c,Ética 1,e276d83e-71ec-4c42-bce6-3573bac58433
46549b96-fc66-4939-9a8e-b47e91728314,Física 3,1b70addc-08e1-4e9e-9261-6b5d361c3fa0
81445244-56da-4a18-810a-b2008bfbdebb,Matemáticas 3,ae2eb0a4-0a0a-4b00-8154-9ffbb864cb30
df92ecbe-491f-46de-81f9-cdeea2523243,Religión 4,a6d736a7-6840-421f-934c-df49f9671c27
289d6613-4a8a-412b-9f80-03d52bd462f9,Biología 1,240595d9-d46c-45a0-bd3a-462275d617c5
94ef0442-0134-4f56-a15b-a457a4016178,Física 4,e9f84a1c-8164-475b-af56-ec0d3e37ef5a
34860d6f-9f21-4de1-b862-6e1735e76003,Economía 2,d9aff019-95a7-49cc-9c3f-d10d81f2b150
222d74e1-7f0c-4d1d-b3cf-39eb7438ad7f,Física 1,bf901eb2-02ce-4db4-bfcc-060f021ec670
57e724c3-2e76-4108-b23b-d3f991b66543,Química 4,8ccf621b-d415-4014-a47c-25cccd777b48
4e932149-3330-41b0-8351-541834902e8b,Tecnología 2,ca18fe5b-c038-4f88-a9f4-612aa351473c
206008ac-aa71-4554-8ff4-895563df2cfe,Ética 1,aacddef8-99d4-4038-9969-2df71535a753
b71292ef-a0d7-4ede-a8f9-14096858a219,Lengua Castellana 3,06d81220-5e08-4a13-8d5d-e813e9bf5dbe
2de7bbfa-d1ec-476a-9ff7-0ae4498a7f1e,Física 3,d8a484ed-2c47-4393-a7ad-0e14927f674b
fdba0c9b-fb56-4944-a424-164897367ace,Economía 1,3f48d39f-c5f9-4175-8de8-5569b200e0b8
09616981-80bf-4f37-bf82-937915da2e56,Lengua Castellana 3,aa96918f-f372-40c1-bf97-7fd0e9ec14f2
ffb65d6f-bb1e-4116-85f7-1db586dc3a2f,Historia 2,cf68ad0c-65c9-4191-b036-6fb2ce8fe8e2
b23d99f5-a830-4995-bcd0-310a9f580580,Literatura 3,718f54b8-842c-4d50-897c-cfc00596f906
73f87cc9-52c4-44e4-b9fd-b77c943659d0,Geografía 2,876631e2-d64b-451c-a6c0-27ed5f38680f
0f1254ee-4ed6-42cc-b7b5-3ae1e18b5f6b,Música 2,9ccdfed8-9a50-4649-85c7-91424d9454bf
150b9d83-ba85-40a1-921d-83082e55e404,Emprendimiento 1,adc2a8ac-9c08-4ed2-ad79-7760d8cd9e21
9bb6ac6e-5775-4001-9a81-c62f72478288,Educación Física 2,808e4916-a95d-45ed-98f2-a1a9be5b1c53
c5b2dba8-d1f2-428e-b457-3902a46ed41b,Biología 3,c0219215-75c5-41af-9d46-b62bddd42b06
81756ec4-ccde-4a40-9b4c-128788d5be1c,Educación Física 2,c8553973-291f-466f-8ce8-5fbaeab80ccb
404acaa3-9fe7-454e-9b49-dc79e67c800c,Lengua Castellana 2,82b7aee1-5566-4be3-a1a8-0dd88e5dc9a7
ee7d8d4d-414b-4d0b-b87d-a10c17b50b40,Lengua Castellana 4,87a2b540-dba7-486a-aba9-39150e897f0f
29cef464-69c6-44b1-8643-b108f1f47722,Emprendimiento 3,78134529-cd2d-4b27-8edc-0787c0cc167a
3e8c33f4-dbf4-42de-987f-25df8c26d1bb,Geografía 2,c2248118-150a-4003-8446-c54ee5fecfb0
89ab2061-4277-4dd9-b3db-1d1be1063f9d,Ciencias Sociales 2,0cde4a8a-e382-4386-94d0-0a6b0c6d0caa
fbfbc7ca-0500-44f7-8023-8e72e2782a96,Emprendimiento 1,03512f66-0be9-4531-910e-b6e21b43ab55
db68dd3c-6ac6-4837-bd22-11a8c6cf4315,Informática 3,8c89fd0d-43d7-49cf-818f-6b17a7d64e98
dad80637-0c8d-4c4e-9e86-402c913f6a49,Música 4,a8711814-f3dc-457d-8f40-af563839efad
34838b67-3ed8-4cc9-b214-2b87d7b0230d,Religión 2,c8ab544b-b2c9-4224-b3a7-a73c6e637590
b8f9f35e-d652-42d0-93b4-ff9730f7a2b2,Economía 1,b7392bca-fe95-4c76-a7ff-2953dc9f0e0f
acceda1a-4d15-48cf-9dab-a0ec40d00d05,Lengua Castellana 2,0f8954c1-60e0-48a5-a3be-f901795aaa24
6ad2a97a-9981-41cb-a02d-eae9665bb2b4,Educación Física 4,30567989-a91b-4ba6-b7b3-e48f1cdfd6a7
f2530a58-46d8-4de3-8c70-226aa13e86f8,Matemáticas 2,f492257e-67b3-4966-b6e1-d812d687c17d
09ee0eae-47e6-491b-a94c-828e8846f036,Ética 2,ed2b6e95-b389-42f4-a47a-8ac4c89c1358
83729684-461c-4626-9035-748a31dbe4ea,Inglés 1,c82f984d-90b7-418d-8fa1-c49b5dc26640
90dd88c7-b3d7-4699-bcfe-9e871d422271,Religión 3,c06af395-4ca4-4ffa-9d94-85be05726475
9c262cdb-9d18-4673-9a19-6a8f1960c7c6,Música 2,6e671cd1-e034-487f-9029-38990dc3cb89
f8e87930-8272-4561-b6b0-c13991822aab,Historia 4,5b3becff-8aeb-4c88-9a76-ccad9c7260db
9c0d7799-667c-415a-9525-07a86cee7652,Física 2,ee7d25bb-834b-4c22-9008-bf95b8636a52
8585291c-5b5d-41a4-b053-0487c30bbc3c,Economía 3,7da6d67e-c609-47fc-b51d-fada00e570e0
7cbbd1b5-e7b3-4f34-865b-75fbd275be7a,Informática 2,03512f66-0be9-4531-910e-b6e21b43ab55
e6ea2ad2-0b79-4d86-a247-484855e947d1,Literatura 3,c92bb0e5-b608-40e3-830b-f0d32a3375ea
f062493f-1078-4b48-86ea-69770e71bebf,Economía 4,a1b7e3b9-b2de-42d5-8921-454a10489a2f
4c9a9038-ab4d-4052-b7b5-fa5313ab3b8b,Biología 3,d55f4ba3-170a-45cb-abc8-062dc9012e89
27b9cd36-586a-418a-bdc6-eba01e97df08,Informática 1,7a3ac3c7-261e-4a18-944b-05b14c9a2f1b
21229632-22ac-4667-a806-028aff287914,Música 1,0cde4a8a-e382-4386-94d0-0a6b0c6d0caa
d3747372-85db-4b75-8864-42e9a7805f62,Tecnología 3,8e479a27-0509-46e7-844e-61399d49dd2e
0083b898-d1e6-48cc-8ccd-f02d857b79a0,Geografía 3,c9ac9ff9-5644-48a9-9318-9fe4f0f31e2d
12213def-e258-42b6-8a16-ad49ea1f1a1d,Lengua Castellana 4,a5073e81-3ff5-404d-9573-d7a3c83ccaaa
32a35fcb-2818-4e71-8d1a-ce06e3b59e03,Historia 1,5c0475df-9b5d-44f9-b2d8-cd871caf645a
e9dd31a3-e88c-4d9c-9a02-180b4fc947b0,Tecnología 3,650e6994-7594-4844-b55e-3b20b565739d
de4bb526-76a0-4b8a-8939-1aa2bbaf0f0a,Física 4,27edc060-5b01-490d-9087-dfdc45249181
d0a518a6-fd88-4d33-b720-e02544ad0dec,Química 1,c92bb0e5-b608-40e3-830b-f0d32a3375ea
23569f46-bb30-496b-a21f-9a06c9278fb2,Economía 4,08e2bc06-8a36-4bc3-9508-5d0121ac15e2
d9169981-0467-4cd1-9537-b5e72d3a7cc4,Filosofía 1,adc2a8ac-9c08-4ed2-ad79-7760d8cd9e21
f960c52d-cb13-4e54-8350-c38ca75d3104,Filosofía 3,02e1ae37-4789-4cb9-bd0d-dd530107f30a
2ec071df-263b-4a7f-88f5-c3f3933da2a1,Biología 4,ecab5c03-73bf-4072-9a51-1b9c3431c10a
e9bc3dad-bf6c-4435-aba6-66ea3e2a7542,Literatura 2,650e6994-7594-4844-b55e-3b20b565739d
97e06125-e43d-41cc-8c8f-173fe9606b44,Historia 1,0aaf044e-0f88-43aa-8988-4845fef68d41
763b109c-4ef3-4027-8d60-565fcec78d8f,Religión 1,29109a07-49d2-46d8-837e-f8a706ac401a
281c641c-c607-4a9c-807c-4d4eb7e37c4f,Informática 1,e774e413-b25f-4d2a-81c9-1810d2bb7f12
1b559645-cd67-4a47-9b10-aed735d25ad6,Ciencias Sociales 3,fa00725d-d282-439d-87ea-c3a9a5316104
1a7dfd8d-3e0c-42c7-9333-192e17eba552,Arte 3,5a7035b0-2f9e-4c6b-ab64-f2534a5b784f
c1dc6776-1a37-40c4-92a4-b617338f9d7a,Ciencias Sociales 4,974cb8af-1588-437f-822d-a43bcb187864
7b01a807-b05b-4460-98e8-a88cb21e8932,Historia 2,c82f984d-90b7-418d-8fa1-c49b5dc26640
9b478f77-c850-4fc0-b2cd-bbda55458229,Economía 4,d7b2dc97-f87e-45ab-9431-90440ea4abc2
4dea0fd1-2567-41b8-ba01-855d8bd41f78,Ciencias Sociales 1,78cf2d80-2fa6-4380-88fc-8253c0f17ec2
19227d2a-a2b6-4b6e-90f2-a1c8d99de6aa,Informática 1,a8711814-f3dc-457d-8f40-af563839efad
a9caafd1-3c2c-495b-877d-9fb415e14ec0,Ciencias Sociales 1,16a47ecc-5dc5-40a4-a9b4-fc7d44c1c57c
b9e29110-f68e-4fa5-bf93-337961ba4f88,Biología 4,ec05b0ae-89fb-4b8c-9d87-5dad1ba6f06f
e94d82b2-f315-4109-be78-35219a93570d,Química 1,935f0879-2c6c-4a55-8243-548fd3d62eaa
b4ff4811-524e-4d7d-964f-64d73d5fa3ea,Matemáticas 3,aacddef8-99d4-4038-9969-2df71535a753
aee747a3-9727-44e1-9bdd-6bdb7824d30e,Ciencias Sociales 3,0f8954c1-60e0-48a5-a3be-f901795aaa24
2323ae02-e6ba-4e9c-a3a7-974f4251ff58,Informática 1,2fe502c9-45de-481e-bd6c-0448f141912a
1f281754-7c7a-4982-8c76-0369a66a33ab,Arte 1,2d066316-0ccc-4cc6-bce8-29d43a78c086
1f0146bd-1771-44f1-aa8c-77ee40eebf5f,Economía 1,ac719b55-7366-4f07-8ada-28173aa0e6f6
fd803335-d1fb-4883-8db7-235092347add,Filosofía 4,a6d736a7-6840-421f-934c-df49f9671c27
bb7ea69c-15a4-48a4-9f78-417012112fc7,Literatura 3,02e45c5e-dc7e-46ec-8bde-903de8176cf9
c31ce8a6-5a24-42b9-bb00-d2e106f3e32a,Música 2,71e31094-5779-4e7d-a63f-a6be5a66a34b
694b1a30-57e1-40a9-8747-29afb282b4aa,Geografía 1,ca18fe5b-c038-4f88-a9f4-612aa351473c
cdca2442-4757-4fc8-ad89-c2e6b95cfbdb,Física 2,eb6faeab-4acb-485c-b1dd-5305056b1589
7b92b662-3d8c-4331-9fa0-79f01061d244,Biología 2,1b975c0f-3ce2-4b73-ae6b-2f1e05b288bc
0aee05d1-812d-4ebc-baf9-792ebaa2771b,Lengua Castellana 4,f9fe79d1-8231-4c43-ac7e-1204d8b647cc
fd98a0ee-97c7-4880-b61e-cd3c0a7ed05b,Música 2,d8a484ed-2c47-4393-a7ad-0e14927f674b
46e03992-2ac7-4b0c-a624-d50645774e1e,Ética 4,7c2c72d7-e29c-4a09-bfe5-32bbc3151147
d6028406-b166-4f89-8707-6d23a9b83e66,Química 2,bf901eb2-02ce-4db4-bfcc-060f021ec670
07e7aa85-98d5-4195-92d1-738cbb191cb6,Religión 4,bb22dc6b-a213-4b9a-a91e-bb192ce653a1
64ea573f-c8f0-4cb5-938f-1068ac1ab93b,Música 2,5aa47158-c9dc-40e2-bf70-28bf4d1027e8
a9d847e4-9a5f-4890-93a7-b82fe1d54a13,Ciencias Sociales 2,2bf1dc26-086d-4ece-8b7e-5c23cd94e88e
8e4e9ee0-c26f-4ca0-b71d-2a8d85a18427,Informática 4,08e2bc06-8a36-4bc3-9508-5d0121ac15e2
66fad74e-ed59-4a48-ac3e-910764cd9d6d,Tecnología 1,d02b8394-bafa-45ed-9192-c0e29c51df1f
53778ebd-be14-49a0-8455-628615c6f979,Informática 3,c8553973-291f-466f-8ce8-5fbaeab80ccb
4cc2408b-2f66-4aa5-be47-007aada13ddf,Historia 2,fa00725d-d282-439d-87ea-c3a9a5316104
c4271627-443f-4f3d-addc-c0c429cdb135,Química 4,d9da6007-f79f-4c4d-8e86-be9b1c3514a6
9d42511c-cf94-49c4-a15e-8fa126a1e8f1,Religión 3,29109a07-49d2-46d8-837e-f8a706ac401a
b29b2b68-5f09-4f5f-854e-cfd856fcc1f8,Religión 1,876631e2-d64b-451c-a6c0-27ed5f38680f
2fe543e6-958e-426c-9c72-ea58092e8d1b,Tecnología 2,f1d6ec07-07bb-489d-9ad4-746259563598
bf1d7b75-ee09-4964-8040-c5b3fa92935a,Filosofía 2,b188a0e7-e33e-4b81-9598-c813819e72b9
488316a8-5856-48ae-9d1f-aba5b8731a05,Historia 2,3f48d39f-c5f9-4175-8de8-5569b200e0b8
eaedfaab-5756-4f5e-90d1-b8eb21d95a42,Matemáticas 4,a5073e81-3ff5-404d-9573-d7a3c83ccaaa
fd4eb285-3c7f-4b50-b362-d2f9c146a231,Matemáticas 4,0cde4a8a-e382-4386-94d0-0a6b0c6d0caa
a085f986-091e-4232-9082-58361c8f6663,Emprendimiento 2,974cb8af-1588-437f-822d-a43bcb187864
55e8ba40-95a8-4be8-9d24-5e390564773e,Química 4,876631e2-d64b-451c-a6c0-27ed5f38680f
12c17c3a-1039-4528-be21-472de7eddb22,Emprendimiento 4,1fc4bd03-404a-424d-8070-c5731a384c7c
89a56c21-6307-48fc-be75-4fb050ecbe88,Arte 3,87fb71c5-7d3a-4580-a0c4-eda8c0f0a0b0
cd5da251-4ac8-4f1d-b1fe-16a3d193603d,Geografía 1,8e479a27-0509-46e7-844e-61399d49dd2e
b0f3fc98-620c-4b3c-93c0-927215798f21,Música 4,424bc090-bf5d-4cdf-871d-cee8e565d339
1b2633f8-caf4-40f8-8e39-3298d6328509,Lengua Castellana 3,fa4e1d5d-3ed5-470a-a92c-b50df329655f
6df370d4-9766-418d-b96e-69f531f505cf,Lengua Castellana 3,0f8954c1-60e0-48a5-a3be-f901795aaa24
7f398ea5-ca2c-439c-8603-fe3c292b4b52,Matemáticas 2,16a47ecc-5dc5-40a4-a9b4-fc7d44c1c57c
012e1718-03a2-4879-9268-fcb66ffe45ad,Arte 3,1b70addc-08e1-4e9e-9261-6b5d361c3fa0
7eb2c1ad-2635-405e-a03b-198a02169d13,Física 4,39ff52dd-0405-49e0-947d-b88ed97f493d
28be226c-2bfa-4d26-b335-0f5fa1bf8e71,Ciencias Sociales 4,3dd4b3a1-e1b6-4c2b-bda0-08c72b1ac893
34a344c5-02d9-4174-95f7-df12d912e35c,Biología 3,c7dde236-772d-4a20-b889-3f849efeaaa4
d2cef306-d467-4a29-ad92-bcd2976148e0,Economía 1,ac719b55-7366-4f07-8ada-28173aa0e6f6
29d020ea-e15a-40fc-8acf-b716fe685d3f,Química 3,c06af395-4ca4-4ffa-9d94-85be05726475
9e6d371b-7f19-4ee5-bc83-8b5592e6d592,Química 2,cf68ad0c-65c9-4191-b036-6fb2ce8fe8e2
ed5daef7-57ef-426e-b0c6-d4d898686df2,Lengua Castellana 2,72fe085b-f82d-4617-bc37-f8f4585e6f49
598dccac-0aca-41b5-af30-ea5241c7dd2e,Filosofía 3,b52bd72d-77ea-4be3-9491-41f92191b70a
fbb2a441-a1af-43bd-a3a5-ec856986ca50,Tecnología 3,d2630a78-01e4-4dfb-ada4-615cf2c5e13c
bb634849-5ab3-4c91-aa8d-12acb9c8a020,Literatura 1,bf901eb2-02ce-4db4-bfcc-060f021ec670
418c5e51-f113-42fc-9882-32eac0c4a7ea,Religión 3,ecab5c03-73bf-4072-9a51-1b9c3431c10a
ac27daee-a37a-4bb3-8e6d-91dcb09c4466,Filosofía 1,2c045d9f-b0fd-435c-b87a-6d364a4a179f
f809a858-1011-4395-9ddc-6a3fdb7d2645,Historia 3,421a839a-3d39-4340-8abb-43531dd5f5b0
922423a6-5bd6-4f40-80de-81452c0fb232,Biología 2,06d81220-5e08-4a13-8d5d-e813e9bf5dbe
b5a44ae3-7fb3-4f2a-8d29-dde3a112d0a4,Economía 4,b8759b54-205f-411d-904c-10e7fe8b2460
3b33e9d5-156c-486d-a912-665fa0049ba6,Ética 4,702007d0-028a-4392-a1f1-97ac176614fd
33dcae3f-fa1a-4661-a5e5-888586d6f9ea,Lengua Castellana 3,1fc4bd03-404a-424d-8070-c5731a384c7c
34b88c26-04f6-4fd0-9515-f987e3449492,Filosofía 3,d02b8394-bafa-45ed-9192-c0e29c51df1f
ff87f03c-b0ad-4e03-97bd-9118285522f3,Religión 4,a1b7e3b9-b2de-42d5-8921-454a10489a2f
c9b22608-4384-4e01-801b-316619b9c246,Historia 4,78107945-2b5a-4ccf-833d-c006f647b0e0
435154f0-ffc0-4a29-9109-f9cf946c036f,Matemáticas 1,ffcc24ca-f797-48ff-bf0d-de4be1796e93
114a9092-7321-4ec2-8884-62b87bfa3f75,Inglés 1,749ae061-a6c9-4efb-81b9-eced2f2f7176
a27c16ff-b959-42df-9aec-30321cc17312,Historia 3,c2248118-150a-4003-8446-c54ee5fecfb0
e884a29a-4226-40e3-9d34-48882bdfe6d6,Historia 3,8e24b0c3-f717-40da-9c99-a4e47b26edf4
fa56402d-b9d2-4b40-8adf-365684a6615e,Historia 2,aa96918f-f372-40c1-bf97-7fd0e9ec14f2
256b46c9-aa75-4745-9c33-5008b4331688,Educación Física 1,83a80bfe-66ae-4969-a35e-1e8b54648abe
3f25b9f6-f132-4b9b-ad90-dda433096b32,Filosofía 3,303c7030-b96d-4a22-9c3c-d8ecafd52f82
7f71fdfb-2a7b-4db0-a0a9-b9b7266bdeda,Química 3,961e8838-0ea5-41a2-b89c-061f249d4403
49f3f3aa-ce61-4873-bed7-a417047e1f87,Inglés 4,14aa80e6-7e56-4bcc-a94b-1d9c503e076f
82c86c90-7c18-4a2d-9dbc-5f9f7afc7249,Economía 3,fa00725d-d282-439d-87ea-c3a9a5316104
56116c80-9cbd-4358-9e26-faa54959cf38,Filosofía 1,961e8838-0ea5-41a2-b89c-061f249d4403
2987697a-722a-4ca7-81f3-1050915d84f1,Geografía 1,a5073e81-3ff5-404d-9573-d7a3c83ccaaa
20f133b2-1214-4344-a6f9-f85734993a4d,Literatura 4,b52bd72d-77ea-4be3-9491-41f92191b70a
00a95057-d402-4990-a920-08705a609596,Matemáticas 4,cbd49c42-6c69-4656-8c37-a0edab10f6d0
69b3d704-b237-4017-b5b9-02aae6586b1c,Emprendimiento 3,82b7aee1-5566-4be3-a1a8-0dd88e5dc9a7
1a4ee129-86bf-487e-9721-ee744c679879,Lengua Castellana 1,87fb71c5-7d3a-4580-a0c4-eda8c0f0a0b0
d0776f4e-e847-4047-ab47-48096ffed62e,Educación Física 2,04ec1896-196b-4fb7-a322-8c07bf8c3e13
3edaee95-d83e-4606-9580-ca0e30013ec6,Economía 2,a6d736a7-6840-421f-934c-df49f9671c27
24cadcbf-fa92-461b-a3ef-68ffb8b4512e,Tecnología 4,9ae44b46-0d8f-4734-a9f2-b144a4aea1d5
24d14dc3-4265-4c60-96f7-6d483b0b80a7,Química 3,1647bba8-d2c1-4cb9-9000-989b790c70f0
00bc7b9a-deb7-4973-96e1-673cacad6cd9,Historia 1,749ae061-a6c9-4efb-81b9-eced2f2f7176
dbfb66c9-7f30-4bf3-8577-5856050dc76d,Ciencias Sociales 3,83a80bfe-66ae-4969-a35e-1e8b54648abe
1be17ab9-e7bb-4c92-87b3-751a3f71d423,Geografía 3,376a7810-a1dc-48f1-a2bb-9cad8fdbca2a
789de4e6-93be-4183-a17d-91bf6bbd8746,Inglés 1,0aaf044e-0f88-43aa-8988-4845fef68d41
c9345d8a-abe5-4f30-9dde-d1ea86673968,Química 3,c2248118-150a-4003-8446-c54ee5fecfb0
836b3468-2a6c-4852-b602-545c52e53311,Química 1,718f54b8-842c-4d50-897c-cfc00596f906
7eae2f8a-f135-4e9f-8a44-e54634b204c2,Literatura 3,2bf1dc26-086d-4ece-8b7e-5c23cd94e88e
16e41e2f-0a3c-468e-ae18-15620d4d5e36,Química 3,ca18fe5b-c038-4f88-a9f4-612aa351473c
41bb35de-3118-43e1-96c5-aecbd9a50412,Lengua Castellana 3,961e8838-0ea5-41a2-b89c-061f249d4403
d6733900-27f7-4835-b510-c686be71adac,Ética 3,6d696f0e-345b-48b3-9b7c-2202b68317d6
728ec3a4-2238-4c5a-bee8-ef2995aeb430,Matemáticas 1,974cb8af-1588-437f-822d-a43bcb187864
0e1b8fc6-99ed-4237-b6d4-275734a7e7b6,Informática 3,5d43721d-b414-490f-b200-950a6d0f7b86
689dbd5b-5b48-46a9-b796-4504e51d5724,Historia 4,f63654d8-926e-400e-8222-8c24c43e5ca8
5fe5ec57-1364-47c3-ac12-09c7f47ee2b4,Informática 3,e276d83e-71ec-4c42-bce6-3573bac58433
fd8a0b3f-5232-49d9-8da0-303bc50cbddd,Inglés 4,80c6895f-b05e-4766-b6b2-48146ac6d484
3871687b-cb64-4ab7-ac41-c6f649915817,Economía 2,303c7030-b96d-4a22-9c3c-d8ecafd52f82
de7ea36b-3b30-4030-b3e9-90bc943c1e22,Ética 2,78cf2d80-2fa6-4380-88fc-8253c0f17ec2
dc057944-2381-479d-bb4f-ac3dcac5a186,Educación Física 4,e9f84a1c-8164-475b-af56-ec0d3e37ef5a
c9d35af5-1315-4905-9b89-a9f5776f5a7c,Informática 4,5fb258b8-346e-4fbe-8000-f352142d03bc
9c49205b-c4eb-4a2b-a6d0-293541871c09,Geografía 4,a76212e4-fcdb-4271-8ba1-37e8ad2b05f6
f679c6a7-7712-47df-b129-ae61d82ca3b9,Física 2,a1b7e3b9-b2de-42d5-8921-454a10489a2f
60b9e1db-25ad-43a6-84bf-9d8c9d283dba,Economía 2,d4831467-cd08-4961-a892-894185bdd862
e2f4fcd7-254c-4002-ba8a-84d70eaf9758,Arte 1,8b9c2bc6-5501-4781-8774-0269d238803a
d566924c-7ff6-4c74-bcd6-d9d0efc3157c,Música 4,8c89fd0d-43d7-49cf-818f-6b17a7d64e98
44c8193e-1c74-4046-8ae8-fb8c6be801b6,Economía 2,d2630a78-01e4-4dfb-ada4-615cf2c5e13c
9cf430c5-660f-402a-8f64-411359b17a39,Arte 4,ac719b55-7366-4f07-8ada-28173aa0e6f6
eec577d4-2a0e-4cad-96fa-a127da25a6f4,Arte 4,c1177bda-73ba-4aa8-a0fa-9538f07d5f31
d0087c23-8a67-4735-9b64-df59dcd095be,Educación Física 4,0f8954c1-60e0-48a5-a3be-f901795aaa24
7d12b9b4-f61a-4037-9e21-f3c2e765ed4e,Lengua Castellana 3,7a3ac3c7-261e-4a18-944b-05b14c9a2f1b
eb1233b6-4c65-43ea-b535-3a4c5d5a22cf,Química 4,961e8838-0ea5-41a2-b89c-061f249d4403
e4819ee2-8af5-4e79-9da1-cc996ac2affa,Emprendimiento 2,421a839a-3d39-4340-8abb-43531dd5f5b0
d807d891-2e20-455d-875a-03c6ef10ddfc,Tecnología 1,58b048b6-9d35-44c2-b3af-a515671370c6
7b2c8b63-30b7-4cb8-b66a-c8ec4a35c2ad,Religión 3,8a342f67-f0b8-4b2f-82d1-5ae090872ddb
d7df4406-30d7-4b5e-833d-aa12e420057e,Física 1,39ff52dd-0405-49e0-947d-b88ed97f493d
6f329bca-b715-4cf5-b554-1050448d6ee7,Historia 2,3868cb30-22b6-4ff0-b11a-eca6b16f6d53
50feb71a-da3e-4a0e-aa62-411c026fb63e,Música 4,303c7030-b96d-4a22-9c3c-d8ecafd52f82
b9decc47-964e-4ad1-b902-e7bebc111ff9,Inglés 1,640e4c58-74ce-4847-91fd-cfbf39919c6d
2f9e60f9-f058-46f7-af6e-d498b47ef3e2,Biología 4,650e6994-7594-4844-b55e-3b20b565739d
886b5946-29be-4eed-828a-0d0d56a856ce,Lengua Castellana 1,cbd49c42-6c69-4656-8c37-a0edab10f6d0
a659dc8d-fc91-4edf-8c6d-eabc17495cb2,Arte 4,ac41fb9f-36b0-4f68-8f51-8fbd91b02a06
822fe4d5-8b65-4cee-914b-8609a44734b6,Música 3,5aa47158-c9dc-40e2-bf70-28bf4d1027e8
ce5ea6d5-9480-4808-ba1c-c54263220991,Informática 3,8015238a-8b4b-424c-afed-93b44d97d9ed
c0b04b76-6308-48c8-b5ee-4c337b4fc484,Física 1,9e038322-9ea9-48f6-80b1-1b5c22f455cc
52a4afc9-beec-416a-954b-b441bd8f96b8,Matemáticas 4,974cb8af-1588-437f-822d-a43bcb187864
1561142e-8d18-42ea-a963-fa3543c9637e,Ciencias Sociales 3,3f48d39f-c5f9-4175-8de8-5569b200e0b8
d225f7ee-a02b-4c8a-8bc0-70d33a1d2c48,Filosofía 3,8c89fd0d-43d7-49cf-818f-6b17a7d64e98
383a9cdb-e455-4218-9273-db09192c14dd,Inglés 4,aacddef8-99d4-4038-9969-2df71535a753
a11c1713-ad30-4881-88e1-b3afad177ebe,Literatura 1,430a8977-790f-472b-8a72-2ac13bff0793
ebdaef3a-1cd7-4870-88d7-1fbf37931e73,Química 3,5a7035b0-2f9e-4c6b-ab64-f2534a5b784f
77908ad9-a970-4793-9666-ae31cf1d2212,Tecnología 4,2c045d9f-b0fd-435c-b87a-6d364a4a179f
07831e38-c24f-4699-b5a6-241671d9e2d1,Historia 4,3dd4b3a1-e1b6-4c2b-bda0-08c72b1ac893
af81a094-0ab6-462c-867d-d2d9ec556ad8,Lengua Castellana 3,7a3ac3c7-261e-4a18-944b-05b14c9a2f1b
4c590071-f51f-432a-8151-e6123bc4343c,Matemáticas 2,eb6faeab-4acb-485c-b1dd-5305056b1589
6205e847-50a0-4e79-88d1-345ad2dd6c55,Tecnología 2,4691dcbe-6ef0-46b6-9907-6affca19081e
ca2db47f-45c7-4943-92c9-171bd9eeb4c9,Física 2,7cf13cb0-eee4-42e0-bcc2-8a5c9dd850e2
74eb81c5-95cc-44b7-bb9d-f269238ad9f0,Educación Física 3,6c905772-628d-44a7-b568-e28d955ad723
8dac45a3-f8cc-44db-bb82-7c9e83ea9c63,Educación Física 3,961e8838-0ea5-41a2-b89c-061f249d4403
93f00f87-71f0-48c1-864c-5ae63affff63,Informática 3,7da6d67e-c609-47fc-b51d-fada00e570e0
9786c821-82fc-4db0-a8c5-3fa01098312c,Arte 1,14aa80e6-7e56-4bcc-a94b-1d9c503e076f
2b7623e5-a07e-4d38-8aa6-31624c9cda6a,Ética 3,8a342f67-f0b8-4b2f-82d1-5ae090872ddb
161a3bd3-d165-4389-a30b-f63b2083ab59,Física 1,17612b08-d31c-457a-b184-d14e732f3d96
63c86b5a-aa7d-4e3e-8167-706668cdc4ee,Biología 2,d02b8394-bafa-45ed-9192-c0e29c51df1f
adff72c5-f321-48c9-8552-6597e7c06c7e,Filosofía 2,a1b7e3b9-b2de-42d5-8921-454a10489a2f
a1a6e629-7700-41c7-925e-37e9b2078e99,Emprendimiento 3,eb6faeab-4acb-485c-b1dd-5305056b1589
30426d4b-fa8d-48dc-a24e-65cd57ab7bcb,Ciencias Sociales 3,3f48d39f-c5f9-4175-8de8-5569b200e0b8
a344d64e-5297-466a-baf2-66b1fafad7c6,Matemáticas 3,c0219215-75c5-41af-9d46-b62bddd42b06
583d063e-131a-47d8-8f9e-73fd1ec1c873,Biología 4,650e6994-7594-4844-b55e-3b20b565739d
d7e806c3-28c8-42d5-820c-42ee32525a03,Religión 4,ac41fb9f-36b0-4f68-8f51-8fbd91b02a06
10bb3801-042d-449d-b0ce-8334f537d442,Música 3,27edc060-5b01-490d-9087-dfdc45249181
a56b5341-7640-45bb-9abc-2da2152b233b,Geografía 2,ec05b0ae-89fb-4b8c-9d87-5dad1ba6f06f
35566df8-df24-45f6-8964-a5568dc8c7ae,Filosofía 2,46e55b55-0a9d-41df-9f97-6da8b743fad9
4562e659-ce62-4454-8562-40957b457b43,Literatura 2,c8ab544b-b2c9-4224-b3a7-a73c6e637590
ddcf2c18-fe6c-4979-991e-78cfd8e71d99,Religión 3,04ec1896-196b-4fb7-a322-8c07bf8c3e13
08278d06-c7db-403b-bad5-1b9ada7be823,Biología 4,5aa47158-c9dc-40e2-bf70-28bf4d1027e8
e2bd3e57-5d26-4d8d-909c-95b102ede7dd,Biología 1,78cf2d80-2fa6-4380-88fc-8253c0f17ec2
5a0e3a3f-7c73-4bf0-afe6-3711c4e9dc1c,Ciencias Sociales 1,1647bba8-d2c1-4cb9-9000-989b790c70f0
6beaf32f-aaf7-4b36-badc-2cca3afda95e,Matemáticas 4,a0b702d1-5218-4dfc-852a-97305bff4ead
3d0dd7e4-9916-44b2-a458-95f3b362a463,Inglés 4,aa96918f-f372-40c1-bf97-7fd0e9ec14f2
b8ba3dc0-412b-4254-b7f7-5076a52c9e85,Ética 4,8b5dd8d0-52f7-4724-8ba1-d58a3b4ae80e
2a6261d7-23aa-456e-a015-020fe6ed2331,Emprendimiento 3,ecab5c03-73bf-4072-9a51-1b9c3431c10a
64ee13da-5189-4ef9-b5ea-e54065e93ea9,Tecnología 2,d9aff019-95a7-49cc-9c3f-d10d81f2b150
69cf22c6-a02d-48f9-b945-39e04c0fd264,Historia 3,a0b702d1-5218-4dfc-852a-97305bff4ead
2485c2a2-133a-490a-94fd-89e88a8f7aae,Literatura 2,8e24b0c3-f717-40da-9c99-a4e47b26edf4
ae7aa836-fb7f-4144-abab-c76ea9d152d6,Física 4,b52bd72d-77ea-4be3-9491-41f92191b70a
03cbf30d-20d6-49a4-ace8-243010a479c1,Emprendimiento 4,adc2a8ac-9c08-4ed2-ad79-7760d8cd9e21
b736010c-d85b-483d-8c96-6746ccbcf8ff,Economía 1,04ec1896-196b-4fb7-a322-8c07bf8c3e13
4da8197e-0b7d-4ef9-aa71-33729882b903,Geografía 3,d2630a78-01e4-4dfb-ada4-615cf2c5e13c
06723f5b-d506-4957-8854-c66af159364a,Historia 2,808e4916-a95d-45ed-98f2-a1a9be5b1c53
70722bce-c1a9-4256-9e00-17e3d1b0a647,Música 4,9ccdfed8-9a50-4649-85c7-91424d9454bf
34f8d238-366d-4d2b-9afe-13705bf05927,Economía 4,804f5639-783e-4648-b98a-b74c3ef21990
2c5fdb2f-5ada-42aa-a95d-41b6135cc830,Química 2,b73d4f83-e0bf-4520-877a-4c1ef3b00607
e07bc494-aeb6-409b-9104-1b6676791c7d,Ética 2,04ec1896-196b-4fb7-a322-8c07bf8c3e13
018013b6-e980-44ec-8548-d32c40f362c1,Religión 2,58b048b6-9d35-44c2-b3af-a515671370c6
87b533b9-e084-457f-a9ee-4556dbfd824c,Química 4,30567989-a91b-4ba6-b7b3-e48f1cdfd6a7
eefe4b12-61ae-4cc1-a98c-db9481105184,Literatura 4,02e45c5e-dc7e-46ec-8bde-903de8176cf9
71393593-4f62-4be4-8957-35cd2676c52b,Emprendimiento 2,35bb50be-c589-402d-9f54-e020b2cd409f
02d95ad6-2c73-44fb-95be-3f5fae01eeaa,Emprendimiento 1,5b3becff-8aeb-4c88-9a76-ccad9c7260db
99d3e05a-5806-4e47-9968-4898a68a046a,Ética 2,adc2a8ac-9c08-4ed2-ad79-7760d8cd9e21
15129548-6155-4d91-9a70-8a205df15f25,Lengua Castellana 3,c0560631-806e-4222-b11c-1c6b7372f284
6f9b9539-db93-4e6e-a31d-83f183463a4d,Literatura 3,29248296-4e7b-4861-8005-570f8012b2cd
45f5ccdf-ceb7-4691-9935-0c96dcffda1b,Física 3,430a8977-790f-472b-8a72-2ac13bff0793
5b003581-6270-4c9c-9d58-1b7f3c96e889,Química 2,ffcc24ca-f797-48ff-bf0d-de4be1796e93
c57e11f4-04ed-459c-98b6-93f1dfe3e454,Biología 1,c7dde236-772d-4a20-b889-3f849efeaaa4
69b244d7-8daa-4d01-a2a0-c2a6db8e1c5d,Música 1,c0560631-806e-4222-b11c-1c6b7372f284
36f3d462-6910-4738-a289-19971f57ca69,Ética 2,c92bb0e5-b608-40e3-830b-f0d32a3375ea
82367431-321d-43b1-a1f7-f3f5815263d3,Ciencias Sociales 4,ecab5c03-73bf-4072-9a51-1b9c3431c10a
1bb9309b-dd06-4206-a315-a7fca7f7941c,Arte 1,749ae061-a6c9-4efb-81b9-eced2f2f7176
5c8d50a7-b10e-49d5-8722-f65121d8a01f,Matemáticas 1,0aaf044e-0f88-43aa-8988-4845fef68d41
7d0b6038-ad4c-494d-a758-2270a6754684,Inglés 3,ae2eb0a4-0a0a-4b00-8154-9ffbb864cb30
a957c98d-9e90-4099-8e37-aeba8461dfb9,Lengua Castellana 4,0f8954c1-60e0-48a5-a3be-f901795aaa24
f6d21d1d-17b8-41d8-83a4-889ec09ec9fe,Religión 2,ecab5c03-73bf-4072-9a51-1b9c3431c10a
1e394d21-bb10-47e7-8166-28c793e0c0fa,Inglés 2,24cb3183-d841-41ea-ba4d-87c677d57cfe
53aba77a-744f-41bf-89cd-de1e11fa609a,Matemáticas 4,bb7140d3-3907-4aa3-bfc6-cc9a637f806a
b55e2119-252c-4143-b6af-895d8885b1ed,Historia 1,5c0475df-9b5d-44f9-b2d8-cd871caf645a
f74e43c2-a555-44a2-9591-eae5b50b918e,Ética 4,ecab5c03-73bf-4072-9a51-1b9c3431c10a
931ee2e9-c067-48a1-a308-529f03c149f9,Matemáticas 2,9ccdfed8-9a50-4649-85c7-91424d9454bf
34f71aaa-3a21-4cdc-b48c-bc4b580b10e5,Ciencias Sociales 4,d2d58d6d-e5fd-4eec-b045-5fad65fcf5eb
f1c46de5-f8bd-4d08-85b0-4836c04bb7c1,Música 3,0697a8a0-9f9b-448e-8bc5-e831779c77cd
c9bf1fab-3541-4a94-ad4d-c295e171d1e1,Historia 3,16a47ecc-5dc5-40a4-a9b4-fc7d44c1c57c
f0672f65-b5d8-4db0-b278-d9b346e68ea8,Geografía 4,d2d58d6d-e5fd-4eec-b045-5fad65fcf5eb
42d9242f-b3d5-49eb-9c69-d2306bbd7e5e,Historia 4,c06af395-4ca4-4ffa-9d94-85be05726475
2398268d-720a-45b8-93cb-91eac862a95a,Química 4,7a3dc9b3-5991-461c-bc26-c8438a33581b
eae6b612-d91f-48a1-9dd5-37bd74d5ccca,Economía 1,d7b2dc97-f87e-45ab-9431-90440ea4abc2
08a69766-7add-4c36-bf0c-99a5cb2efc58,Geografía 1,d5377325-e158-4f0b-b609-e7df8b045046
6805b03c-cf9f-4ba8-9257-315c6738394e,Ciencias Sociales 2,f1d6ec07-07bb-489d-9ad4-746259563598
96a56003-ee79-42dd-a329-236f9e3583dc,Música 4,a1b7e3b9-b2de-42d5-8921-454a10489a2f
302df847-07fb-4785-86d4-cc570267f0a5,Inglés 2,bbcbd56f-d4b1-4006-8e3f-6dc7266dcbd5
55d053fb-0c12-40a0-8fea-8132a9de0604,Física 1,430a8977-790f-472b-8a72-2ac13bff0793
3dd69356-531d-40d5-8442-91fea0e46e6a,Arte 3,29109a07-49d2-46d8-837e-f8a706ac401a
49b70bb1-3b69-4528-b68d-d44ba1c7e390,Educación Física 2,bb22dc6b-a213-4b9a-a91e-bb192ce653a1
2fc90be7-9477-44ce-8865-4e6fa246d943,Ciencias Sociales 1,fa4e1d5d-3ed5-470a-a92c-b50df329655f
820a878b-99f2-4b91-9ea6-2e61ed2f4a29,Química 3,b7392bca-fe95-4c76-a7ff-2953dc9f0e0f
